时段,修正强度,多转空样本量,多转空占时段比例,多转空后的做空胜率
全体样本,0.0,0,0.0,
14:30以前,0.0,0,0.0,
14:30及以后,0.0,0,0.0,
全体样本,0.25,9893,0.0059225335249042145,0.5096532902051956
14:30以前,0.25,89,0.00006089217296113848,0.5617977528089888
14:30及以后,0.25,9804,0.04695402298850575,0.5091799265605875
全体样本,0.5,20255,0.012125838122605363,0.5061466304616145
14:30以前,0.5,202,0.0001382047071702244,0.44554455445544555
14:30及以后,0.5,20053,0.09603927203065134,0.5067570937016905
全体样本,0.75,30758,0.018413553639846744,0.5004876780024708
14:30以前,0.75,284,0.00019430760810071156,0.43309859154929575
14:30及以后,0.75,30474,0.14594827586206896,0.5011157051913107
全体样本,1.0,41332,0.024743773946360154,0.4936852801703281
14:30以前,1.0,389,0.00026614668856048167,0.455012853470437
14:30及以后,1.0,40943,0.19608716475095786,0.4940527074225142
