时段,修正强度,样本量,做多占比,做多胜率,做空占比,做空胜率,方向变化数
全体样本,0.0,1670400,0.40448096264367817,0.513482672113314,0.5955190373563218,0.5109619956672748,0
14:30以前,0.0,1461600,0.3635187465790914,0.501664724958076,0.6364812534209086,0.5111240582146684,0
14:30及以后,0.0,208800,0.6912164750957854,0.556989038704045,0.30878352490421457,0.5086236312311939,0
全体样本,0.25,1670400,0.3985584291187739,0.5138715317415494,0.6014415708812261,0.5109491085434898,9893
14:30以前,0.25,1461600,0.36345785440613027,0.5016753571899177,0.6365421455938697,0.5111289057041822,89
14:30及以后,0.25,208800,0.6442624521072797,0.5620344627644549,0.35573754789272033,0.5086970570020732,9804
全体样本,0.5,1670400,0.3923551245210728,0.5142007049237859,0.6076448754789272,0.5108659027989872,20255
14:30以前,0.5,1461600,0.3633805418719212,0.5016446470363404,0.6366194581280789,0.5111098214583178,202
14:30及以后,0.5,208800,0.5951772030651341,0.5678626894015595,0.4048227969348659,0.5081808179634909,20053
全体样本,0.75,1670400,0.3860674090038314,0.5143397215326095,0.6139325909961686,0.5106478416168299,30758
14:30以前,0.75,1461600,0.3633244389709907,0.501629836074835,0.6366755610290094,0.5111002455497466,284
14:30及以后,0.75,208800,0.5452681992337165,0.5736218950918737,0.4547318007662835,0.5062139276235413,30474
全体样本,1.0,1670400,0.379737188697318,0.5142272032892279,0.620262811302682,0.5102727859726065,41332
14:30以前,1.0,1461600,0.36325259989053094,0.5016386340948901,0.6367474001094691,0.5111006049405267,389
14:30及以后,1.0,208800,0.4951293103448276,0.5788766044707544,0.5048706896551725,0.5029644175038182,40943
