Date,时段,historical_short_rate,quantile_threshold
2024-01-03,14:30以前,,
2024-01-04,14:30以前,,
2024-01-05,14:30以前,,
2024-01-08,14:30以前,,
2024-01-09,14:30以前,,
2024-01-10,14:30以前,,
2024-01-11,14:30以前,,
2024-01-12,14:30以前,,
2024-01-15,14:30以前,,
2024-01-16,14:30以前,,
2024-01-17,14:30以前,,
2024-01-18,14:30以前,,
2024-01-19,14:30以前,,
2024-01-22,14:30以前,,
2024-01-23,14:30以前,,
2024-01-24,14:30以前,,
2024-01-25,14:30以前,,
2024-01-26,14:30以前,,
2024-01-29,14:30以前,,
2024-01-30,14:30以前,,
2024-01-31,14:30以前,0.5787698412698413,0.49306525035800236
2024-02-01,14:30以前,0.5776984126984127,0.4922647222800037
2024-02-02,14:30以前,0.5767261904761904,0.49121554797371486
2024-02-05,14:30以前,0.5744642857142858,0.4942552134223612
2024-02-06,14:30以前,0.5615476190476191,0.4925055566585875
2024-02-07,14:30以前,0.5515674603174603,0.49329007925284307
2024-02-08,14:30以前,0.5443055555555556,0.4947669044120853
2024-02-19,14:30以前,0.5508730158730158,0.49776847497149973
2024-02-20,14:30以前,0.5462301587301587,0.49933572233327705
2024-02-21,14:30以前,0.533234126984127,0.495090103640802
2024-02-22,14:30以前,0.5210317460317461,0.49552072041717043
2024-02-23,14:30以前,0.49875,0.4932901607423539
2024-02-26,14:30以前,0.4903571428571429,0.4911533650059306
2024-02-27,14:30以前,0.4944047619047619,0.49519241755822874
2024-02-28,14:30以前,0.4710714285714286,0.49436951305159804
2024-02-29,14:30以前,0.48307539682539685,0.4969263104733577
2024-03-01,14:30以前,0.4729761904761905,0.4995862796739435
2024-03-04,14:30以前,0.4837896825396825,0.5029086127812967
2024-03-05,14:30以前,0.4743452380952381,0.502132900770134
2024-03-06,14:30以前,0.4692063492063492,0.49951938269648094
2024-03-07,14:30以前,0.4591468253968254,0.49510867464856806
2024-03-08,14:30以前,0.4627579365079365,0.49382458136337376
2024-03-11,14:30以前,0.4525,0.49047141718817894
2024-03-12,14:30以前,0.42916666666666664,0.4871598742376315
2024-03-13,14:30以前,0.424781746031746,0.48775689154555224
2024-03-14,14:30以前,0.4346626984126984,0.4878566008098828
2024-03-15,14:30以前,0.4459126984126984,0.489181885279245
2024-03-18,14:30以前,0.4385515873015873,0.48675174681534383
2024-03-19,14:30以前,0.4294047619047619,0.48402856446994424
2024-03-20,14:30以前,0.4459920634920635,0.4844908833111189
2024-03-21,14:30以前,0.45113095238095235,0.4836239154652012
2024-03-22,14:30以前,0.4602579365079365,0.48539477577161644
2024-03-25,14:30以前,0.4715079365079365,0.4856146366857481
2024-03-26,14:30以前,0.4730357142857143,0.4839321878458244
2024-03-27,14:30以前,0.48603174603174604,0.4839250274269245
2024-03-28,14:30以前,0.48174603174603176,0.4811235910142176
2024-03-29,14:30以前,0.4849206349206349,0.48025338264702006
2024-04-01,14:30以前,0.4903968253968254,0.47961944897981723
2024-04-02,14:30以前,0.49142857142857144,0.48010726989111385
2024-04-03,14:30以前,0.49392857142857144,0.480847755757679
2024-04-08,14:30以前,0.49686507936507934,0.4825343383565101
2024-04-09,14:30以前,0.49583333333333335,0.48262786245936456
2024-04-10,14:30以前,0.5004563492063492,0.48176492518871905
2024-04-11,14:30以前,0.5169444444444444,0.481816963489866
2024-04-12,14:30以前,0.5149603174603175,0.48062218203773094
2024-04-15,14:30以前,0.5230555555555556,0.48028590648655084
2024-04-16,14:30以前,0.5140277777777778,0.4803241296781258
2024-04-17,14:30以前,0.5283134920634921,0.4825018698901846
2024-04-18,14:30以前,0.5261309523809524,0.4826029456323105
2024-04-19,14:30以前,0.5171031746031746,0.4825992810441649
2024-04-22,14:30以前,0.5257539682539683,0.4842648701249302
2024-04-23,14:30以前,0.5278769841269841,0.48421794278940855
2024-04-24,14:30以前,0.5253373015873016,0.48513194421815403
2024-04-25,14:30以前,0.5139484126984127,0.48302379460492695
2024-04-26,14:30以前,0.508968253968254,0.48125902275391347
2024-04-29,14:30以前,0.4878571428571429,0.4812581245709639
2024-04-30,14:30以前,0.48486111111111113,0.48124615491498657
2024-05-06,14:30以前,0.4940674603174603,0.4835610980130594
2024-05-07,14:30以前,0.4974404761904762,0.4830173357403591
2024-05-08,14:30以前,0.49523809523809526,0.48200516337944244
2024-05-09,14:30以前,0.5051785714285715,0.48332900819672103
2024-05-10,14:30以前,0.49045634920634923,0.4801767777966268
2024-05-13,14:30以前,0.49005952380952383,0.481934049170627
2024-05-14,14:30以前,0.4793849206349206,0.48357414635708307
2024-05-15,14:30以前,0.48367063492063495,0.4833690504681626
2024-05-16,14:30以前,0.4808531746031746,0.48316278446069166
2024-05-17,14:30以前,0.48259920634920633,0.48031918549681907
2024-05-20,14:30以前,0.46575396825396825,0.47611366987718784
2024-05-21,14:30以前,0.4795238095238095,0.4781384186296198
2024-05-22,14:30以前,0.4861904761904762,0.4801000216616229
2024-05-23,14:30以前,0.48083333333333333,0.4771837707989462
2024-05-24,14:30以前,0.4835912698412698,0.4771065936236674
2024-05-27,14:30以前,0.490734126984127,0.47578430264056054
2024-05-28,14:30以前,0.4892261904761905,0.47707590169378256
2024-05-29,14:30以前,0.5036904761904762,0.479197432397446
2024-05-30,14:30以前,0.5248412698412699,0.4802892157163306
2024-05-31,14:30以前,0.5395634920634921,0.4812079802670575
2024-06-03,14:30以前,0.5406349206349207,0.48096095681125467
2024-06-04,14:30以前,0.5457341269841269,0.4834827212558783
2024-06-05,14:30以前,0.5376190476190477,0.48273359842843344
2024-06-06,14:30以前,0.5378769841269841,0.4807687552811997
2024-06-07,14:30以前,0.5555555555555556,0.48361590225473466
2024-06-11,14:30以前,0.5673611111111111,0.48436649951342825
2024-06-12,14:30以前,0.5675198412698412,0.4825827247929434
2024-06-13,14:30以前,0.5666666666666667,0.48178243714055424
2024-06-14,14:30以前,0.5661507936507937,0.48305277130476787
2024-06-17,14:30以前,0.5558333333333333,0.4823575173244452
2024-06-18,14:30以前,0.5622619047619047,0.4841615003678868
2024-06-19,14:30以前,0.561329365079365,0.4842875419612223
2024-06-20,14:30以前,0.56,0.48275650716080615
2024-06-21,14:30以前,0.5678769841269842,0.48377884651407094
2024-06-24,14:30以前,0.563015873015873,0.4828495710930644
2024-06-25,14:30以前,0.5580357142857143,0.483037989306177
2024-06-26,14:30以前,0.5754761904761905,0.4844525605752883
2024-06-27,14:30以前,0.559047619047619,0.4832692738179077
2024-06-28,14:30以前,0.5576388888888889,0.4834692189457634
2024-07-01,14:30以前,0.5518849206349207,0.4838896855255514
2024-07-02,14:30以前,0.5370436507936508,0.4834534308095312
2024-07-03,14:30以前,0.5359722222222222,0.48072033979817963
2024-07-04,14:30以前,0.5468650793650793,0.48096689669456827
2024-07-05,14:30以前,0.5483730158730159,0.4824873469710051
2024-07-08,14:30以前,0.5363888888888889,0.4808765850138369
2024-07-09,14:30以前,0.5378373015873016,0.48113245457898723
2024-07-10,14:30以前,0.5375595238095238,0.4818520780348639
2024-07-11,14:30以前,0.5438690476190476,0.4829387898014177
2024-07-12,14:30以前,0.5339087301587302,0.4817754333374114
2024-07-15,14:30以前,0.5426587301587301,0.48427445866855223
2024-07-16,14:30以前,0.5494246031746032,0.4857240964602421
2024-07-17,14:30以前,0.5421230158730159,0.4828736655488172
2024-07-18,14:30以前,0.5351587301587302,0.4801442574801683
2024-07-19,14:30以前,0.5203373015873016,0.47883140125509693
2024-07-22,14:30以前,0.5082936507936507,0.4787912636487855
2024-07-23,14:30以前,0.5047817460317461,0.4801452766604506
2024-07-24,14:30以前,0.5171825396825397,0.48336382422080626
2024-07-25,14:30以前,0.5365079365079365,0.487244568213129
2024-07-26,14:30以前,0.5364880952380953,0.48637385574421893
2024-07-29,14:30以前,0.5343055555555556,0.4815313628757083
2024-07-30,14:30以前,0.5401984126984127,0.4792550308441511
2024-07-31,14:30以前,0.5349007936507937,0.4800474585619557
2024-08-01,14:30以前,0.5123412698412698,0.47928378299297886
2024-08-02,14:30以前,0.5075595238095238,0.47733138066848196
2024-08-05,14:30以前,0.519781746031746,0.48097380214950325
2024-08-06,14:30以前,0.5145238095238095,0.4821680985941285
2024-08-07,14:30以前,0.5258531746031746,0.48216807739188683
2024-08-08,14:30以前,0.5208928571428572,0.48027573051641004
2024-08-09,14:30以前,0.5250992063492064,0.4796025328184924
2024-08-12,14:30以前,0.5366666666666666,0.4796046119948629
2024-08-13,14:30以前,0.5319047619047619,0.48119013212536027
2024-08-14,14:30以前,0.5413690476190476,0.4841653154268935
2024-08-15,14:30以前,0.5508134920634921,0.48521077972054555
2024-08-16,14:30以前,0.560218253968254,0.4856781795243251
2024-08-19,14:30以前,0.5713492063492064,0.48514613228800674
2024-08-20,14:30以前,0.5751587301587302,0.4846100762373674
2024-08-21,14:30以前,0.567063492063492,0.48388849416457236
2024-08-22,14:30以前,0.5523809523809524,0.47879305151758617
2024-08-23,14:30以前,0.5546230158730159,0.47780201049546095
2024-08-26,14:30以前,0.552202380952381,0.47785379234947695
2024-08-27,14:30以前,0.5541865079365079,0.47767585166346027
2024-08-28,14:30以前,0.5571626984126984,0.4771335469185578
2024-08-29,14:30以前,0.5771031746031746,0.47768715631640435
2024-08-30,14:30以前,0.5635714285714286,0.4771819066196521
2024-09-02,14:30以前,0.5456547619047619,0.4749243946275629
2024-09-03,14:30以前,0.551765873015873,0.4755866217056909
2024-09-04,14:30以前,0.542063492063492,0.47546458077565484
2024-09-05,14:30以前,0.5429166666666667,0.4785812825826989
2024-09-06,14:30以前,0.5423214285714286,0.4768727797404749
2024-09-09,14:30以前,0.5442857142857143,0.4775631643963951
2024-09-10,14:30以前,0.5503571428571429,0.47648487045000343
2024-09-11,14:30以前,0.5498214285714286,0.47549390602903663
2024-09-12,14:30以前,0.5411111111111111,0.4745752533921071
2024-09-13,14:30以前,0.5483531746031746,0.47551431789741716
2024-09-18,14:30以前,0.5548412698412698,0.4786247778367468
2024-09-19,14:30以前,0.5524007936507936,0.4790084239110702
2024-09-20,14:30以前,0.5385912698412698,0.4754630317629142
2024-09-23,14:30以前,0.5426587301587301,0.47731033863735634
2024-09-24,14:30以前,0.5405357142857142,0.4783722914384117
2024-09-25,14:30以前,0.5357936507936508,0.48069007680668463
2024-09-26,14:30以前,0.5428571428571428,0.4818616049545095
2024-09-27,14:30以前,0.5236507936507937,0.4792022901489327
2024-09-30,14:30以前,0.5099801587301588,0.4765873373205646
2024-10-08,14:30以前,0.49970238095238095,0.4736949767297555
2024-10-09,14:30以前,0.5146626984126984,0.47562118213325516
2024-10-10,14:30以前,0.5141666666666667,0.47601286048168173
2024-10-11,14:30以前,0.521984126984127,0.47648746542332776
2024-10-14,14:30以前,0.5275396825396825,0.4770692995309371
2024-10-15,14:30以前,0.5248611111111111,0.4802297566581625
2024-10-16,14:30以前,0.5247619047619048,0.47839217168761555
2024-10-17,14:30以前,0.520079365079365,0.47678122990396726
2024-10-18,14:30以前,0.5291468253968254,0.4764478405118781
2024-10-21,14:30以前,0.5184126984126984,0.4771574894987002
2024-10-22,14:30以前,0.5083730158730159,0.4754208585328339
2024-10-23,14:30以前,0.4976190476190476,0.4720368804593623
2024-10-24,14:30以前,0.49376984126984125,0.46787597291093613
2024-10-25,14:30以前,0.4982142857142857,0.47079609341159284
2024-10-28,14:30以前,0.49186507936507934,0.4697313639319021
2024-10-29,14:30以前,0.48043650793650794,0.469809528776474
2024-10-30,14:30以前,0.4953571428571429,0.46989352499333764
2024-10-31,14:30以前,0.4888293650793651,0.4706600722217008
2024-11-01,14:30以前,0.49950396825396826,0.47405842384930874
2024-11-04,14:30以前,0.5173015873015873,0.4801858792091776
2024-11-05,14:30以前,0.5243253968253968,0.48445549621048006
2024-11-06,14:30以前,0.505,0.48322211729239384
2024-11-07,14:30以前,0.4955555555555556,0.48024021223586244
2024-11-08,14:30以前,0.473968253968254,0.47734870503601495
2024-11-11,14:30以前,0.4782142857142857,0.4777715084037745
2024-11-12,14:30以前,0.47329365079365077,0.4792435073453652
2024-11-13,14:30以前,0.4738888888888889,0.48267569670881
2024-11-14,14:30以前,0.47077380952380954,0.48449294280219946
2024-11-15,14:30以前,0.47075396825396826,0.48606099590066754
2024-11-18,14:30以前,0.49160714285714285,0.4876086140232039
2024-11-19,14:30以前,0.5023214285714286,0.4916789262710183
2024-11-20,14:30以前,0.5071230158730159,0.4939002996933832
2024-11-21,14:30以前,0.5018253968253968,0.49331228007551625
2024-11-22,14:30以前,0.4968849206349206,0.4896558009491674
2024-11-25,14:30以前,0.5187301587301587,0.49251289388819647
2024-11-26,14:30以前,0.5345238095238095,0.4960393687055417
2024-11-27,14:30以前,0.5335912698412698,0.49415965738289713
2024-11-28,14:30以前,0.5195634920634921,0.49153423310489774
2024-11-29,14:30以前,0.5308333333333334,0.49329406560154077
2024-12-02,14:30以前,0.5243253968253968,0.49238882910403975
2024-12-03,14:30以前,0.5320436507936508,0.49247248708596214
2024-12-04,14:30以前,0.5428174603174604,0.49232376966779406
2024-12-05,14:30以前,0.5454761904761904,0.4925620623642164
2024-12-06,14:30以前,0.5622817460317461,0.49291565956801175
2024-12-09,14:30以前,0.5471428571428572,0.4910789168628323
2024-12-10,14:30以前,0.5578769841269842,0.4903907941521409
2024-12-11,14:30以前,0.5601388888888889,0.4893350297677699
2024-12-12,14:30以前,0.5613888888888889,0.48964054274369856
2024-12-13,14:30以前,0.5402380952380952,0.487196077106782
2024-12-16,14:30以前,0.5376388888888889,0.4879515988052544
2024-12-17,14:30以前,0.5335714285714286,0.48468044201105503
2024-12-18,14:30以前,0.5369047619047619,0.48341025374769214
2024-12-19,14:30以前,0.5446825396825397,0.4836842922714929
2024-12-20,14:30以前,0.5429960317460317,0.48557932706819645
2024-12-23,14:30以前,0.5233134920634921,0.4823183101256376
2024-12-24,14:30以前,0.5228174603174603,0.4811049136824445
2024-12-25,14:30以前,0.5105555555555555,0.482452488643866
2024-12-26,14:30以前,0.5247222222222222,0.483080964820568
2024-12-27,14:30以前,0.5169444444444444,0.4818341870550649
2024-12-30,14:30以前,0.5190476190476191,0.48139473690489337
2024-12-31,14:30以前,0.5162896825396825,0.4807197112978637
2025-01-02,14:30以前,0.5341071428571429,0.4835922643547686
2025-01-03,14:30以前,0.545,0.4868846707059492
2025-01-06,14:30以前,0.5559126984126984,0.49095805283900956
2025-01-07,14:30以前,0.5611904761904762,0.4885144959567951
2025-01-08,14:30以前,0.5570833333333334,0.4865658262240384
2025-01-09,14:30以前,0.5489880952380952,0.48619801939380947
2025-01-10,14:30以前,0.5510912698412699,0.4831135216383964
2025-01-13,14:30以前,0.5728769841269842,0.48565025661071753
2025-01-14,14:30以前,0.5664880952380953,0.486263555187201
2025-01-15,14:30以前,0.5464880952380953,0.48753478853982485
2025-01-16,14:30以前,0.5440873015873016,0.48726854518326373
2025-01-17,14:30以前,0.5514682539682539,0.4907780857227401
2025-01-20,14:30以前,0.5519246031746031,0.49044263649005765
2025-01-21,14:30以前,0.5615674603174603,0.4930621932450928
2025-01-22,14:30以前,0.5560119047619048,0.4931069405017356
2025-01-23,14:30以前,0.5638293650793651,0.4931101008382009
2025-01-24,14:30以前,0.5730952380952381,0.4936978848418074
2025-01-27,14:30以前,0.5667857142857143,0.49250501062407687
2025-02-05,14:30以前,0.5749603174603175,0.4926412045726909
2025-02-06,14:30以前,0.5827182539682539,0.4923361518353161
2025-02-07,14:30以前,0.5558333333333333,0.48719472544051223
2025-02-10,14:30以前,0.5330555555555555,0.4842383613929336
2025-02-11,14:30以前,0.5181349206349206,0.4837970170427789
2025-02-12,14:30以前,0.5175396825396825,0.4880283689656904
2025-02-13,14:30以前,0.5083134920634921,0.4870090589389536
2025-02-14,14:30以前,0.49797619047619046,0.48535873339174557
2025-02-17,14:30以前,0.48871031746031746,0.486388528029366
2025-02-18,14:30以前,0.47674603174603175,0.48653468774523984
2025-02-19,14:30以前,0.4851388888888889,0.48779741008120536
2025-02-20,14:30以前,0.49115079365079367,0.4882669742264863
2025-02-21,14:30以前,0.4860714285714286,0.4884528933154136
2025-02-24,14:30以前,0.4674404761904762,0.4869417569458116
2025-02-25,14:30以前,0.472797619047619,0.4892470606477351
2025-02-26,14:30以前,0.4685515873015873,0.48893883521232184
2025-02-27,14:30以前,0.4633730158730159,0.4881668163779728
2025-02-28,14:30以前,0.46478174603174605,0.48873155027845067
2025-03-03,14:30以前,0.47117063492063493,0.4924878166393411
2025-03-04,14:30以前,0.49003968253968255,0.49728183605795295
2025-03-05,14:30以前,0.47430555555555554,0.49777366409270957
2025-03-06,14:30以前,0.4657936507936508,0.4957460007178691
2025-03-07,14:30以前,0.4690873015873016,0.49573813095304486
2025-03-10,14:30以前,0.4770436507936508,0.49535034350446755
2025-03-11,14:30以前,0.47888888888888886,0.49476961115313145
2025-03-12,14:30以前,0.47023809523809523,0.490385115498396
2025-03-13,14:30以前,0.4834920634920635,0.489990982891454
2025-03-14,14:30以前,0.4921230158730159,0.4910675118196879
2025-03-17,14:30以前,0.4862698412698413,0.49150015958568904
2025-03-18,14:30以前,0.4928373015873016,0.49100014306584133
2025-03-19,14:30以前,0.4926388888888889,0.4888629893346782
2025-03-20,14:30以前,0.49654761904761907,0.48706974607024756
2025-03-21,14:30以前,0.4984722222222222,0.48663768904879906
2025-03-24,14:30以前,0.522718253968254,0.48713280772940937
2025-03-25,14:30以前,0.5271825396825397,0.4854319078358471
2025-03-26,14:30以前,0.528234126984127,0.4832672597117509
2025-03-27,14:30以前,0.5359920634920635,0.48118603078637884
2025-03-28,14:30以前,0.5327380952380952,0.4793425289263106
2025-03-31,14:30以前,0.5222023809523809,0.47740837383143797
2025-04-01,14:30以前,0.5159920634920635,0.476634685693301
2025-04-02,14:30以前,0.5248611111111111,0.4765105129779379
2025-04-03,14:30以前,0.5359722222222222,0.48025668834647145
2025-04-07,14:30以前,0.5482142857142858,0.4844282584036129
2025-04-08,14:30以前,0.5532936507936508,0.48312996822181165
2025-04-09,14:30以前,0.5596825396825397,0.4823359325832182
2025-04-10,14:30以前,0.5568055555555556,0.4839859679238456
2025-04-11,14:30以前,0.5578373015873016,0.48796230420360087
2025-04-14,14:30以前,0.5508134920634921,0.4895781353020556
2025-04-15,14:30以前,0.5667063492063492,0.4888076906696306
2025-04-16,14:30以前,0.5565277777777777,0.48954948105452345
2025-04-17,14:30以前,0.5499007936507937,0.4880437038984871
2025-04-18,14:30以前,0.5484126984126985,0.487082163702683
2025-04-21,14:30以前,0.541765873015873,0.48579679223083977
2025-04-22,14:30以前,0.5209722222222222,0.4851976162876429
2025-04-23,14:30以前,0.5094047619047619,0.4842026165271658
2025-04-24,14:30以前,0.5059325396825397,0.4844391751574994
2025-04-25,14:30以前,0.5001785714285715,0.4868281706228636
2025-04-28,14:30以前,0.5023809523809524,0.48762927031218245
2025-04-29,14:30以前,0.4926388888888889,0.4879771997619815
2025-04-30,14:30以前,0.49218253968253967,0.48562822974256964
2025-05-06,14:30以前,0.49311507936507937,0.4851854408862025
2025-05-07,14:30以前,0.4767063492063492,0.48348152657319626
2025-05-08,14:30以前,0.4784126984126984,0.4802606970444773
2025-05-09,14:30以前,0.4706547619047619,0.48110905059264186
2025-05-12,14:30以前,0.4652579365079365,0.4827029608194963
2025-05-13,14:30以前,0.47089285714285717,0.48255727440286544
2025-05-14,14:30以前,0.47375,0.48052405533314285
2025-05-15,14:30以前,0.4699206349206349,0.4774046041100423
2025-05-16,14:30以前,0.4725595238095238,0.4783567142444537
2025-05-19,14:30以前,0.48174603174603176,0.4768624020668713
2025-05-20,14:30以前,0.47246031746031747,0.47701672257725836
2025-05-21,14:30以前,0.4709325396825397,0.47569942111419333
2025-05-22,14:30以前,0.47561507936507935,0.47413479269502823
2025-05-23,14:30以前,0.4813095238095238,0.4747642568081765
2025-05-26,14:30以前,0.4913888888888889,0.4765968282341287
2025-05-27,14:30以前,0.4892063492063492,0.47811772522105184
2025-05-28,14:30以前,0.4955952380952381,0.47787580966254006
2025-05-29,14:30以前,0.49545634920634923,0.47795516568137414
2025-05-30,14:30以前,0.49448412698412697,0.47578133746493445
2025-06-03,14:30以前,0.48527777777777775,0.4763837673360605
2025-06-04,14:30以前,0.4808531746031746,0.47522556326733684
2025-06-05,14:30以前,0.4893452380952381,0.47491943301943673
2025-06-06,14:30以前,0.4712301587301587,0.4741950179214527
2025-06-09,14:30以前,0.47021825396825395,0.4756779095974727
2025-06-10,14:30以前,0.47168650793650796,0.4753546411439966
2025-06-11,14:30以前,0.47656746031746033,0.47734663216729656
2025-06-12,14:30以前,0.4748611111111111,0.4787011933577066
2025-06-13,14:30以前,0.47333333333333333,0.4808280541767038
2025-06-16,14:30以前,0.47307539682539684,0.48115367309068297
2025-06-17,14:30以前,0.46021825396825394,0.4794966861526571
2025-06-18,14:30以前,0.47003968253968254,0.4801090182344583
2025-06-19,14:30以前,0.47496031746031747,0.4817046372111335
2025-06-20,14:30以前,0.4859920634920635,0.4842000304441754
2025-06-23,14:30以前,0.4899603174603175,0.4842459443561927
2025-06-24,14:30以前,0.4765277777777778,0.4841414181600825
2025-06-25,14:30以前,0.4765079365079365,0.48436491731792347
2025-06-26,14:30以前,0.4588690476190476,0.4822056045294601
2025-06-27,14:30以前,0.45916666666666667,0.4816394485032323
2025-06-30,14:30以前,0.47234126984126984,0.4839357781164372
2025-07-01,14:30以前,0.47192460317460316,0.4835369274450029
2025-07-02,14:30以前,0.46839285714285717,0.48447167092865523
2025-07-03,14:30以前,0.46438492063492065,0.48403066691453456
2025-07-04,14:30以前,0.4731746031746032,0.48344060375389175
2025-07-07,14:30以前,0.46944444444444444,0.4831236391927721
2025-07-08,14:30以前,0.4703373015873016,0.48382287377706157
2025-07-09,14:30以前,0.45843253968253966,0.4802886970687111
2025-07-10,14:30以前,0.4593253968253968,0.4787174159686119
2025-07-11,14:30以前,0.45875,0.4773361161753056
2025-07-14,14:30以前,0.4531150793650794,0.4787007079111637
2025-07-15,14:30以前,0.4630357142857143,0.4819890260949365
2025-07-16,14:30以前,0.4596031746031746,0.4809351585330383
2025-07-17,14:30以前,0.46982142857142856,0.4807200561024219
2025-07-18,14:30以前,0.44666666666666666,0.47651304979246023
2025-07-21,14:30以前,0.439781746031746,0.4762966002860024
2025-07-22,14:30以前,0.44916666666666666,0.47719541084647227
2025-07-23,14:30以前,0.4455357142857143,0.4760415640180372
2025-07-24,14:30以前,0.46287698412698414,0.4785145783028911
2025-07-25,14:30以前,0.44837301587301587,0.4784358762096256
2025-07-28,14:30以前,0.4380753968253968,0.4777190198250682
2025-07-29,14:30以前,0.4413888888888889,0.47761341719874956
2025-07-30,14:30以前,0.43561507936507937,0.4761665574744766
2025-07-31,14:30以前,0.440218253968254,0.4767946938649203
2025-08-01,14:30以前,0.4545436507936508,0.48204857856542505
2025-08-04,14:30以前,0.4656547619047619,0.482879176773541
2025-08-05,14:30以前,0.45384920634920634,0.4809642332389668
2025-08-06,14:30以前,0.4565674603174603,0.48157773170052043
2025-08-07,14:30以前,0.44031746031746033,0.4795155410503961
2025-08-08,14:30以前,0.44918650793650794,0.48131825263009387
2025-08-11,14:30以前,0.44819444444444445,0.4810834284838409
2025-08-12,14:30以前,0.4419444444444444,0.4827600467201126
2025-08-13,14:30以前,0.4388095238095238,0.48502448848517754
2025-08-14,14:30以前,0.42563492063492064,0.4857466441759306
2025-08-15,14:30以前,0.439265873015873,0.489308205970735
2025-08-18,14:30以前,0.433234126984127,0.48999487707985495
2025-08-19,14:30以前,0.4282936507936508,0.4898331270343648
2025-08-20,14:30以前,0.4442063492063492,0.49196177612981246
2025-08-21,14:30以前,0.4299404761904762,0.4919915062754102
2025-08-22,14:30以前,0.4484920634920635,0.49287718711373074
2025-08-25,14:30以前,0.4330357142857143,0.49051632017800345
2025-08-26,14:30以前,0.42837301587301585,0.48969733225894574
2025-08-27,14:30以前,0.43912698412698414,0.4899603715853752
2025-08-28,14:30以前,0.4463888888888889,0.49110261445131886
2025-08-29,14:30以前,0.4311111111111111,0.4880633627369908
2025-09-01,14:30以前,0.42311507936507936,0.48513972444497794
2025-09-02,14:30以前,0.43128968253968253,0.4828242041623323
2025-09-03,14:30以前,0.44956349206349205,0.4859209852411663
2025-09-04,14:30以前,0.46904761904761905,0.4918420209568254
2025-09-05,14:30以前,0.48158730158730156,0.49513503189924246
2025-09-08,14:30以前,0.46517857142857144,0.4888436115618303
2025-09-09,14:30以前,0.4638690476190476,0.4851338488143082
2025-09-10,14:30以前,0.4750793650793651,0.4871709753785774
2025-09-11,14:30以前,0.47904761904761906,0.48737467923674116
2025-09-12,14:30以前,0.4582936507936508,0.48582441574713825
2025-09-15,14:30以前,0.4700992063492063,0.4860097569921643
2025-09-16,14:30以前,0.48009920634920633,0.48580229100300854
2025-09-17,14:30以前,0.47305555555555556,0.4820511105380541
2025-09-18,14:30以前,0.4806547619047619,0.48005347689992434
2025-09-19,14:30以前,0.4818452380952381,0.4806530185305518
2025-09-22,14:30以前,0.4966865079365079,0.4815134292780118
2025-09-23,14:30以前,0.502718253968254,0.480968378591696
2025-09-24,14:30以前,0.5076388888888889,0.48136136162718357
2025-09-25,14:30以前,0.4909126984126984,0.4787359422543674
2025-09-26,14:30以前,0.4909722222222222,0.4753581964728129
2025-09-29,14:30以前,0.5009722222222223,0.4777301545667836
2025-09-30,14:30以前,0.4977579365079365,0.4792036756438632
2025-10-09,14:30以前,0.487281746031746,0.4760569155643842
2025-10-10,14:30以前,0.4771031746031746,0.4730768287387106
2025-10-13,14:30以前,0.47333333333333333,0.4727170624909458
2025-10-14,14:30以前,0.48470238095238094,0.4778385088945466
2025-10-15,14:30以前,0.5057539682539682,0.4798558725335114
2025-10-16,14:30以前,0.4882936507936508,0.4741482802076526
2025-10-17,14:30以前,0.4895238095238095,0.4721792089606863
2025-10-20,14:30以前,0.5215277777777778,0.47310875426281584
2025-10-21,14:30以前,0.5249206349206349,0.4732692302531661
2025-10-22,14:30以前,0.513531746031746,0.4718432365240599
2025-10-23,14:30以前,0.5083134920634921,0.4725741391648557
2025-10-24,14:30以前,0.5052182539682539,0.47225976380953866
2025-10-27,14:30以前,0.4928174603174603,0.47135319297619366
2025-10-28,14:30以前,0.4946031746031746,0.4707694042493745
2025-10-29,14:30以前,0.4990674603174603,0.4707752443958011
2025-10-30,14:30以前,0.4842261904761905,0.4689363054636036
2025-10-31,14:30以前,0.4961904761904762,0.4707787240986907
2025-11-03,14:30以前,0.5070634920634921,0.4765925597745448
2025-11-04,14:30以前,0.4943849206349206,0.47612385585546146
2025-11-05,14:30以前,0.5131150793650794,0.4796975945560473
2025-11-06,14:30以前,0.5054761904761905,0.4802382910972576
2025-11-07,14:30以前,0.5039285714285714,0.479100476561635
2025-11-10,14:30以前,0.48817460317460315,0.47648298764505226
2025-11-11,14:30以前,0.4886309523809524,0.4767535582770095
2025-11-12,14:30以前,0.48003968253968254,0.478135173576149
2025-11-13,14:30以前,0.4893849206349206,0.48171214378458244
2025-11-14,14:30以前,0.4753174603174603,0.4830327479011893
2025-11-17,14:30以前,0.46773809523809523,0.4836544239107306
2025-11-18,14:30以前,0.4614484126984127,0.4840666061570497
2025-11-19,14:30以前,0.4741468253968254,0.4862301331999894
2025-11-20,14:30以前,0.4765079365079365,0.4857653821082551
2025-11-21,14:30以前,0.49027777777777776,0.48692849294107826
2025-11-24,14:30以前,0.5055555555555555,0.4881775137311765
2025-11-25,14:30以前,0.5036507936507937,0.4882543024961682
2025-11-26,14:30以前,0.5036706349206349,0.48774930323473786
2025-11-27,14:30以前,0.5191071428571429,0.4886781037675567
2025-11-28,14:30以前,0.5286507936507937,0.4892465404835764
2025-12-01,14:30以前,0.5117063492063492,0.4876570373060583
2025-12-02,14:30以前,0.5134325396825397,0.48523196548041064
2025-12-03,14:30以前,0.5046031746031746,0.4842285366283197
2025-12-04,14:30以前,0.517281746031746,0.48599188020986334
2025-12-05,14:30以前,0.5170833333333333,0.4866204746882831
2025-12-08,14:30以前,0.5109126984126984,0.4844769243732897
2025-12-09,14:30以前,0.5167261904761905,0.4832770339885939
2025-12-10,14:30以前,0.5200992063492064,0.48470101834006313
2025-12-11,14:30以前,0.5167063492063492,0.48419271282204157
2025-12-12,14:30以前,0.5421230158730159,0.48582545682419426
2025-12-15,14:30以前,0.5256150793650793,0.48372245080274645
2025-12-16,14:30以前,0.5312301587301588,0.4833665823209676
2025-12-17,14:30以前,0.5304761904761904,0.4820922089757048
2025-12-18,14:30以前,0.523968253968254,0.4816735352236631
2025-12-19,14:30以前,0.5145039682539683,0.481487919519171
2025-12-22,14:30以前,0.5057539682539682,0.48036055476183787
2025-12-23,14:30以前,0.5094642857142857,0.48161204155011
2025-12-24,14:30以前,0.508531746031746,0.48267866567682755
2025-12-25,14:30以前,0.49464285714285716,0.48300925506643694
2025-12-26,14:30以前,0.47654761904761905,0.48077921340128754
2025-12-29,14:30以前,0.4804960317460317,0.47972105238137946
2025-12-30,14:30以前,0.48988095238095236,0.4829281645179167
2025-12-31,14:30以前,0.4858928571428571,0.48095936308366527
2026-01-05,14:30以前,0.48680555555555555,0.4815205669653965
2026-01-06,14:30以前,0.47767857142857145,0.4835792409613465
2026-01-07,14:30以前,0.48311507936507936,0.4866160725188675
2026-01-08,14:30以前,0.48617063492063495,0.4871837481060839
2026-01-09,14:30以前,0.4783730158730159,0.48550260200537865
2026-01-12,14:30以前,0.47694444444444445,0.4860273232774637
2026-01-13,14:30以前,0.4570238095238095,0.48564405948421796
2026-01-14,14:30以前,0.47638888888888886,0.48985007888008497
2026-01-15,14:30以前,0.4703373015873016,0.48999523431402414
2026-01-16,14:30以前,0.4674404761904762,0.4916077000893861
2026-01-19,14:30以前,0.47928571428571426,0.49310569455873277
2026-01-20,14:30以前,0.48234126984126985,0.49580012106094873
2026-01-21,14:30以前,0.48097222222222225,0.4963997437252447
2026-01-22,14:30以前,0.47813492063492063,0.4952140883871444
2026-01-23,14:30以前,0.4783531746031746,0.4939783153629136
2026-01-26,14:30以前,0.4826388888888889,0.49475494349112586
2026-01-27,14:30以前,0.4922420634920635,0.4982158921167702
2026-01-28,14:30以前,0.49436507936507934,0.4987055008982147
2026-01-29,14:30以前,0.4839484126984127,0.4945870401996419
2026-01-30,14:30以前,0.4826388888888889,0.4933614900738488
2026-02-02,14:30以前,0.47968253968253965,0.4921590174251068
2026-02-03,14:30以前,0.5092063492063492,0.49459175863108035
2026-02-04,14:30以前,0.5055753968253969,0.4940545080933934
2026-02-05,14:30以前,0.49601190476190476,0.490727202900687
2026-02-06,14:30以前,0.4952579365079365,0.48802405342994826
2026-02-09,14:30以前,0.5009920634920635,0.4878323010474187
2026-02-10,14:30以前,0.5052579365079365,0.4889093114518977
2026-02-11,14:30以前,0.4986706349206349,0.48804545448223147
2026-02-12,14:30以前,0.5033134920634921,0.4885143714831113
2026-02-13,14:30以前,0.4990277777777778,0.48803424630175185
2026-02-24,14:30以前,0.508968253968254,0.49164233708619914
2026-02-25,14:30以前,0.5084325396825397,0.4896547976183674
2026-02-26,14:30以前,0.5051587301587301,0.4897187284887948
2026-02-27,14:30以前,0.5048611111111111,0.49184515590018274
2026-03-02,14:30以前,0.500515873015873,0.49301904076695086
2026-03-03,14:30以前,0.503095238095238,0.49539184629970984
2026-03-04,14:30以前,0.5071428571428571,0.49571472994937593
2026-03-05,14:30以前,0.5128968253968254,0.4970526153350584
2026-03-06,14:30以前,0.5213293650793651,0.4974545495572328
2026-03-09,14:30以前,0.5168650793650794,0.4975450152678507
2026-03-10,14:30以前,0.501170634920635,0.49445167265854195
2026-03-11,14:30以前,0.4809126984126984,0.4889491964436224
2026-03-12,14:30以前,0.4936904761904762,0.4869603702220544
2026-03-13,14:30以前,0.5024404761904762,0.4915844745123344
2026-03-16,14:30以前,0.508531746031746,0.49358998297083534
2026-03-17,14:30以前,0.5082142857142857,0.4924117006338721
2026-03-18,14:30以前,0.5270238095238096,0.4913662515725375
2026-03-19,14:30以前,0.5226984126984127,0.48904708334395136
2026-03-20,14:30以前,0.528968253968254,0.48750612416516853
2026-03-23,14:30以前,0.5442460317460317,0.48641409791923557
2026-03-24,14:30以前,0.5443253968253968,0.4829954400610702
2026-03-25,14:30以前,0.5358531746031746,0.4809394387705915
2026-03-26,14:30以前,0.5432142857142858,0.4804956718552691
2026-03-27,14:30以前,0.5591071428571428,0.4813435462282207
2026-03-30,14:30以前,0.5571825396825397,0.47967058247597255
2026-03-31,14:30以前,0.5516269841269841,0.47790076345224625
2026-04-01,14:30以前,0.5520436507936508,0.47680054066631977
2026-04-02,14:30以前,0.5432936507936508,0.47442450559283217
2026-04-03,14:30以前,0.5516468253968254,0.47996415946401455
2026-04-07,14:30以前,0.5668849206349207,0.4844792902933144
2026-04-08,14:30以前,0.5881944444444445,0.48811900464339925
2026-04-09,14:30以前,0.5766468253968254,0.4893086713429018
2026-04-10,14:30以前,0.5747023809523809,0.49181181766000914
2026-04-13,14:30以前,0.5785119047619047,0.4919243733890026
2026-04-14,14:30以前,0.5703769841269841,0.49142387666556686
2026-04-15,14:30以前,0.5697619047619048,0.4911329751852443
2026-04-16,14:30以前,0.5695238095238095,0.4919170447762709
2026-04-17,14:30以前,0.5655753968253968,0.49267088514871243
2026-04-20,14:30以前,0.5544642857142857,0.4928467283436149
2026-04-21,14:30以前,0.5383928571428571,0.49142057555403335
2026-04-22,14:30以前,0.5172420634920635,0.4904022796160056
2026-04-23,14:30以前,0.514265873015873,0.49032923969009434
2026-04-24,14:30以前,0.5117063492063492,0.49191979899565785
2026-04-27,14:30以前,0.4878571428571429,0.4889337015107027
2026-04-28,14:30以前,0.4957936507936508,0.4892958604612974
2026-04-29,14:30以前,0.508531746031746,0.49183439127303497
2026-04-30,14:30以前,0.4861111111111111,0.49113072506364874
2026-05-06,14:30以前,0.48658730158730157,0.491165190117176
2026-05-07,14:30以前,0.47496031746031747,0.48799938536397086
2026-05-08,14:30以前,0.45607142857142857,0.48393583523497324
2026-05-11,14:30以前,0.45093253968253966,0.48632149359893734
2026-05-12,14:30以前,0.4589484126984127,0.48617968001796397
2026-05-13,14:30以前,0.45458333333333334,0.4852325738949048
2026-05-14,14:30以前,0.4340277777777778,0.48149947702754603
2026-05-15,14:30以前,0.4421626984126984,0.4812361401471382
2026-05-18,14:30以前,0.44666666666666666,0.4822099560847992
2026-05-19,14:30以前,0.4352579365079365,0.482082707228729
2026-05-20,14:30以前,0.430515873015873,0.48150312431997727
2026-05-21,14:30以前,0.4299801587301587,0.47935707526401966
2026-05-22,14:30以前,0.44918650793650794,0.4820117003938064
2026-05-25,14:30以前,0.45055555555555554,0.4821565319027706
2026-05-26,14:30以前,0.4529166666666667,0.48241218986119655
2026-05-27,14:30以前,0.44878968253968254,0.47933202248606155
2026-05-28,14:30以前,0.4685515873015873,0.4799973994654163
2026-05-29,14:30以前,0.4677976190476191,0.48287468419912016
2026-06-01,14:30以前,0.468531746031746,0.4802735658929299
2026-06-02,14:30以前,0.4907738095238095,0.48303730969105785
2026-06-03,14:30以前,0.4928174603174603,0.485588345223543
2026-06-04,14:30以前,0.4955952380952381,0.4852766065901597
2026-06-05,14:30以前,0.5095436507936508,0.4887733026693591
2026-06-08,14:30以前,0.5161507936507936,0.48791381873686135
2026-06-09,14:30以前,0.5296230158730159,0.48938049147328694
2026-06-10,14:30以前,0.5185714285714286,0.48597221225491843
2026-06-11,14:30以前,0.5336309523809524,0.4868081686479184
2026-06-12,14:30以前,0.5287698412698413,0.4855379362867578
2026-06-15,14:30以前,0.5278571428571428,0.4875799298701612
2026-06-16,14:30以前,0.5195238095238095,0.4862708994918148
2026-06-17,14:30以前,0.5303968253968254,0.48718701735655484
2026-06-18,14:30以前,0.5264484126984127,0.48838068159472703
2026-06-22,14:30以前,0.5089880952380952,0.4861814455392168
2026-06-23,14:30以前,0.5051785714285715,0.48678087605010745
2026-06-24,14:30以前,0.528452380952381,0.49318059113012097
2026-06-25,14:30以前,0.5304166666666666,0.49614476244634936
2026-06-26,14:30以前,0.5143253968253968,0.4935250161594896
2026-06-29,14:30以前,0.5195238095238095,0.4898642776337495
2026-06-30,14:30以前,0.5089285714285714,0.4911467924940819
2024-01-03,14:30及以后,,
2024-01-04,14:30及以后,,
2024-01-05,14:30及以后,,
2024-01-08,14:30及以后,,
2024-01-09,14:30及以后,,
2024-01-10,14:30及以后,,
2024-01-11,14:30及以后,,
2024-01-12,14:30及以后,,
2024-01-15,14:30及以后,,
2024-01-16,14:30及以后,,
2024-01-17,14:30及以后,,
2024-01-18,14:30及以后,,
2024-01-19,14:30及以后,,
2024-01-22,14:30及以后,,
2024-01-23,14:30及以后,,
2024-01-24,14:30及以后,,
2024-01-25,14:30及以后,,
2024-01-26,14:30及以后,,
2024-01-29,14:30及以后,,
2024-01-30,14:30及以后,,
2024-01-31,14:30及以后,0.5906944444444444,0.5575221347056382
2024-02-01,14:30及以后,0.5897222222222223,0.568198084378759
2024-02-02,14:30及以后,0.5788888888888889,0.5754757677023016
2024-02-05,14:30及以后,0.5919444444444445,0.590915807441017
2024-02-06,14:30及以后,0.5973611111111111,0.5939195635848309
2024-02-07,14:30及以后,0.5525,0.5880365075129931
2024-02-08,14:30及以后,0.5319444444444444,0.5765482909240532
2024-02-19,14:30及以后,0.5154166666666666,0.5708717446084821
2024-02-20,14:30及以后,0.5151388888888889,0.5693731922327031
2024-02-21,14:30及以后,0.5276388888888889,0.5594482694998169
2024-02-22,14:30及以后,0.5056944444444444,0.5635337723928331
2024-02-23,14:30及以后,0.47583333333333333,0.5585766450976424
2024-02-26,14:30及以后,0.5054166666666666,0.5664453032178254
2024-02-27,14:30及以后,0.51,0.5746272304446542
2024-02-28,14:30及以后,0.49805555555555553,0.5742439474445631
2024-02-29,14:30及以后,0.5147222222222222,0.5861231528867533
2024-03-01,14:30及以后,0.5320833333333334,0.6028929770611264
2024-03-04,14:30及以后,0.5325,0.6018050902130558
2024-03-05,14:30及以后,0.5444444444444444,0.6051544788223902
2024-03-06,14:30及以后,0.5379166666666667,0.60212347803451
2024-03-07,14:30及以后,0.5004166666666666,0.589015740530045
2024-03-08,14:30及以后,0.45875,0.568345064121277
2024-03-11,14:30及以后,0.47125,0.5612200610169986
2024-03-12,14:30及以后,0.4240277777777778,0.542463887684112
2024-03-13,14:30及以后,0.4469444444444444,0.5400653389912425
2024-03-14,14:30及以后,0.45111111111111113,0.5383072608683717
2024-03-15,14:30及以后,0.49125,0.5425888730747116
2024-03-18,14:30及以后,0.49430555555555555,0.5499591377841183
2024-03-19,14:30及以后,0.48291666666666666,0.547125309358933
2024-03-20,14:30及以后,0.4701388888888889,0.5477898358649755
2024-03-21,14:30及以后,0.45652777777777775,0.5394780284823818
2024-03-22,14:30及以后,0.49375,0.5380268820702506
2024-03-25,14:30及以后,0.49944444444444447,0.5365616985332917
2024-03-26,14:30及以后,0.47333333333333333,0.5340355780544594
2024-03-27,14:30及以后,0.51375,0.5412381760022882
2024-03-28,14:30及以后,0.5340277777777778,0.5442975032699197
2024-03-29,14:30及以后,0.5133333333333333,0.5402716046929532
2024-04-01,14:30及以后,0.4777777777777778,0.5324982553073019
2024-04-02,14:30及以后,0.4676388888888889,0.5319674943416429
2024-04-03,14:30及以后,0.4558333333333333,0.5341093907976657
2024-04-08,14:30及以后,0.49333333333333335,0.5349342917424773
2024-04-09,14:30及以后,0.5129166666666667,0.5427152855092947
2024-04-10,14:30及以后,0.5411111111111111,0.5483145630752496
2024-04-11,14:30及以后,0.5769444444444445,0.5585833253385518
2024-04-12,14:30及以后,0.5545833333333333,0.5609759392527272
2024-04-15,14:30及以后,0.5644444444444444,0.5582082082276077
2024-04-16,14:30及以后,0.5473611111111111,0.5586305490687055
2024-04-17,14:30及以后,0.5540277777777778,0.5620539211729526
2024-04-18,14:30及以后,0.5518055555555555,0.5683853003058397
2024-04-19,14:30及以后,0.5665277777777777,0.5725226372230489
2024-04-22,14:30及以后,0.5881944444444445,0.5754196559289313
2024-04-23,14:30及以后,0.5738888888888889,0.5752778797134559
2024-04-24,14:30及以后,0.5627777777777778,0.579908636978948
2024-04-25,14:30及以后,0.5888888888888889,0.5758187885453526
2024-04-26,14:30及以后,0.5390277777777778,0.5655881856949347
2024-04-29,14:30及以后,0.5072222222222222,0.5570297739676578
2024-04-30,14:30及以后,0.54875,0.5586734922731389
2024-05-06,14:30及以后,0.54875,0.5631107812982786
2024-05-07,14:30及以后,0.5380555555555555,0.5598894746653639
2024-05-08,14:30及以后,0.5576388888888889,0.5568513051019613
2024-05-09,14:30及以后,0.5079166666666667,0.5544948034265381
2024-05-10,14:30及以后,0.5129166666666667,0.5483662012842279
2024-05-13,14:30及以后,0.5154166666666666,0.5480011819407552
2024-05-14,14:30及以后,0.4920833333333333,0.54504202640442
2024-05-15,14:30及以后,0.525,0.5455271255861065
2024-05-16,14:30及以后,0.5176388888888889,0.5491225047635431
2024-05-17,14:30及以后,0.49694444444444447,0.5475397641137316
2024-05-20,14:30及以后,0.48125,0.5430156428580005
2024-05-21,14:30及以后,0.4948611111111111,0.537852509013375
2024-05-22,14:30及以后,0.46208333333333335,0.5345526980830435
2024-05-23,14:30及以后,0.49041666666666667,0.5390373450294326
2024-05-24,14:30及以后,0.4633333333333333,0.5372497822435064
2024-05-27,14:30及以后,0.45319444444444446,0.5305755234532779
2024-05-28,14:30及以后,0.45458333333333334,0.5317241763102256
2024-05-29,14:30及以后,0.45472222222222225,0.5338401973197452
2024-05-30,14:30及以后,0.4756944444444444,0.5404238871429002
2024-05-31,14:30及以后,0.43027777777777776,0.5360024985088142
2024-06-03,14:30及以后,0.4726388888888889,0.5415812267227125
2024-06-04,14:30及以后,0.4702777777777778,0.5490766832460287
2024-06-05,14:30及以后,0.45416666666666666,0.5462364788544285
2024-06-06,14:30及以后,0.45805555555555555,0.5429006351303006
2024-06-07,14:30及以后,0.4266666666666667,0.5430209360724976
2024-06-11,14:30及以后,0.4266666666666667,0.541271413785259
2024-06-12,14:30及以后,0.43930555555555556,0.5401031903274105
2024-06-13,14:30及以后,0.4373611111111111,0.537775671347346
2024-06-14,14:30及以后,0.45958333333333334,0.5375353181151683
2024-06-17,14:30及以后,0.5006944444444444,0.5391552183677207
2024-06-18,14:30及以后,0.5094444444444445,0.5433023584102542
2024-06-19,14:30及以后,0.48680555555555555,0.5423423458439939
2024-06-20,14:30及以后,0.5055555555555555,0.5440632509688677
2024-06-21,14:30及以后,0.48986111111111114,0.5425902756846765
2024-06-24,14:30及以后,0.53125,0.541820877948897
2024-06-25,14:30及以后,0.5380555555555555,0.5481731507605888
2024-06-26,14:30及以后,0.5343055555555556,0.5525213310593036
2024-06-27,14:30及以后,0.5841666666666666,0.5558548356827079
2024-06-28,14:30及以后,0.5629166666666666,0.5500841234510117
2024-07-01,14:30及以后,0.5880555555555556,0.5515696784518491
2024-07-02,14:30及以后,0.5715277777777777,0.5486920996343161
2024-07-03,14:30及以后,0.5873611111111111,0.5491919603178095
2024-07-04,14:30及以后,0.5627777777777778,0.5476375728261651
2024-07-05,14:30及以后,0.6048611111111111,0.5534481998239823
2024-07-08,14:30及以后,0.6459722222222222,0.5549725334271919
2024-07-09,14:30及以后,0.6127777777777778,0.5554533676425631
2024-07-10,14:30及以后,0.5994444444444444,0.5514971337558983
2024-07-11,14:30及以后,0.5527777777777778,0.5456165374638352
2024-07-12,14:30及以后,0.5409722222222222,0.5429521400772018
2024-07-15,14:30及以后,0.5322222222222223,0.5407703476956676
2024-07-16,14:30及以后,0.5584722222222223,0.5435161314380315
2024-07-17,14:30及以后,0.5583333333333333,0.5404056689060334
2024-07-18,14:30及以后,0.5819444444444445,0.5437706255881046
2024-07-19,14:30及以后,0.5958333333333333,0.5503934202467786
2024-07-22,14:30及以后,0.5726388888888889,0.5519871450380079
2024-07-23,14:30及以后,0.585,0.5489570011171637
2024-07-24,14:30及以后,0.58375,0.5465877024222658
2024-07-25,14:30及以后,0.5758333333333333,0.5474180193082374
2024-07-26,14:30及以后,0.5729166666666666,0.5492070891001462
2024-07-29,14:30及以后,0.58375,0.5466914368140752
2024-07-30,14:30及以后,0.6079166666666667,0.5510317909882648
2024-07-31,14:30及以后,0.5822222222222222,0.5432069881741156
2024-08-01,14:30及以后,0.5994444444444444,0.5481439485694773
2024-08-02,14:30及以后,0.5920833333333333,0.5485520477885503
2024-08-05,14:30及以后,0.5598611111111111,0.5509933653927191
2024-08-06,14:30及以后,0.54625,0.5485093451007361
2024-08-07,14:30及以后,0.55,0.5496892622718422
2024-08-08,14:30及以后,0.5995833333333334,0.5587133779815363
2024-08-09,14:30及以后,0.5809722222222222,0.5544447865320745
2024-08-12,14:30及以后,0.5877777777777777,0.5553336100861435
2024-08-13,14:30及以后,0.5747222222222222,0.556882396562738
2024-08-14,14:30及以后,0.5808333333333333,0.5592521760885982
2024-08-15,14:30及以后,0.5544444444444444,0.5553448020983665
2024-08-16,14:30及以后,0.5181944444444444,0.545142707100642
2024-08-19,14:30及以后,0.49277777777777776,0.5337470844816973
2024-08-20,14:30及以后,0.4976388888888889,0.5322303375772269
2024-08-21,14:30及以后,0.4911111111111111,0.5294678091107405
2024-08-22,14:30及以后,0.48041666666666666,0.5261885428911631
2024-08-23,14:30及以后,0.4825,0.5214683455311636
2024-08-26,14:30及以后,0.46819444444444447,0.520526909647973
2024-08-27,14:30及以后,0.46555555555555556,0.513003198072628
2024-08-28,14:30及以后,0.49277777777777776,0.5214834278980891
2024-08-29,14:30及以后,0.5038888888888889,0.5211192483992519
2024-08-30,14:30及以后,0.4786111111111111,0.5179087665414878
2024-09-02,14:30及以后,0.5193055555555556,0.5259882312027818
2024-09-03,14:30及以后,0.5448611111111111,0.5316281540193615
2024-09-04,14:30及以后,0.5772222222222222,0.5449301970698123
2024-09-05,14:30及以后,0.5373611111111111,0.5437199941904022
2024-09-06,14:30及以后,0.5658333333333333,0.5523603173398466
2024-09-09,14:30及以后,0.5656944444444445,0.5523290826898443
2024-09-10,14:30及以后,0.5809722222222222,0.5510788758410211
2024-09-11,14:30及以后,0.5961111111111111,0.5540342479101081
2024-09-12,14:30及以后,0.5729166666666666,0.5433919192343525
2024-09-13,14:30及以后,0.5823611111111111,0.5422737942943555
2024-09-18,14:30及以后,0.6097222222222223,0.5499590495619671
2024-09-19,14:30及以后,0.5963888888888889,0.5432702151441554
2024-09-20,14:30及以后,0.6111111111111112,0.5435610016535846
2024-09-23,14:30及以后,0.5805555555555556,0.5335647384215404
2024-09-24,14:30及以后,0.5761111111111111,0.5293620367199569
2024-09-25,14:30及以后,0.5544444444444444,0.5270234308274785
2024-09-26,14:30及以后,0.5244444444444445,0.5253512802856826
2024-09-27,14:30及以后,0.4930555555555556,0.5196453764312808
2024-09-30,14:30及以后,0.45569444444444446,0.5148026521397828
2024-10-08,14:30及以后,0.44208333333333333,0.5093489822227336
2024-10-09,14:30及以后,0.4409722222222222,0.5001888164118398
2024-10-10,14:30及以后,0.4297222222222222,0.49685130791304255
2024-10-11,14:30及以后,0.4286111111111111,0.49665251587233616
2024-10-14,14:30及以后,0.42680555555555555,0.4962508614112329
2024-10-15,14:30及以后,0.445,0.5077682704072665
2024-10-16,14:30及以后,0.4398611111111111,0.5175629115012073
2024-10-17,14:30及以后,0.40319444444444447,0.5101158271628897
2024-10-18,14:30及以后,0.37875,0.5132626005580504
2024-10-21,14:30及以后,0.4191666666666667,0.5286399727858923
2024-10-22,14:30及以后,0.4215277777777778,0.5295554128823609
2024-10-23,14:30及以后,0.4111111111111111,0.5319320461512566
2024-10-24,14:30及以后,0.4255555555555556,0.5430419989036982
2024-10-25,14:30及以后,0.38625,0.5388302593787041
2024-10-28,14:30及以后,0.42444444444444446,0.5527076168343485
2024-10-29,14:30及以后,0.43694444444444447,0.5588977095676481
2024-10-30,14:30及以后,0.46152777777777776,0.5685700249395671
2024-10-31,14:30及以后,0.4801388888888889,0.5745319032411788
2024-11-01,14:30及以后,0.5077777777777778,0.5842900803292347
2024-11-04,14:30及以后,0.5272222222222223,0.584310842915577
2024-11-05,14:30及以后,0.5327777777777778,0.5845960526773907
2024-11-06,14:30及以后,0.4988888888888889,0.5819660396988302
2024-11-07,14:30及以后,0.49805555555555553,0.5861792980890889
2024-11-08,14:30及以后,0.45361111111111113,0.5784643865017518
2024-11-11,14:30及以后,0.47583333333333333,0.5745572094615293
2024-11-12,14:30及以后,0.44277777777777777,0.5657229086710899
2024-11-13,14:30及以后,0.41555555555555557,0.5578482660960276
2024-11-14,14:30及以后,0.45319444444444446,0.5581923019259355
2024-11-15,14:30及以后,0.4666666666666667,0.5609096898591714
2024-11-18,14:30及以后,0.4583333333333333,0.5588158170356249
2024-11-19,14:30及以后,0.4388888888888889,0.5630340731556759
2024-11-20,14:30及以后,0.4436111111111111,0.5650726056837158
2024-11-21,14:30及以后,0.42777777777777776,0.5577400205509025
2024-11-22,14:30及以后,0.44930555555555557,0.55673085330695
2024-11-25,14:30及以后,0.4469444444444444,0.5537626475448783
2024-11-26,14:30及以后,0.4486111111111111,0.5590091812527386
2024-11-27,14:30及以后,0.46416666666666667,0.561344587590609
2024-11-28,14:30及以后,0.44958333333333333,0.5555987419143429
2024-11-29,14:30及以后,0.4301388888888889,0.544490656756543
2024-12-02,14:30及以后,0.4247222222222222,0.5476142709712682
2024-12-03,14:30及以后,0.4613888888888889,0.5545121994039974
2024-12-04,14:30及以后,0.4963888888888889,0.5559644362187305
2024-12-05,14:30及以后,0.49569444444444444,0.55581218336485
2024-12-06,14:30及以后,0.5147222222222222,0.5544923356044195
2024-12-09,14:30及以后,0.5234722222222222,0.562594560747049
2024-12-10,14:30及以后,0.5098611111111111,0.558735939938736
2024-12-11,14:30及以后,0.5073611111111112,0.5623197071973858
2024-12-12,14:30及以后,0.5086111111111111,0.565905716645054
2024-12-13,14:30及以后,0.5223611111111112,0.5660175350995637
2024-12-16,14:30及以后,0.5284722222222222,0.5638792112047261
2024-12-17,14:30及以后,0.5456944444444445,0.5665002924208489
2024-12-18,14:30及以后,0.5304166666666666,0.5673260916343915
2024-12-19,14:30及以后,0.5458333333333333,0.5721246592704492
2024-12-20,14:30及以后,0.5493055555555556,0.5736774546146228
2024-12-23,14:30及以后,0.5338888888888889,0.5695938946242406
2024-12-24,14:30及以后,0.5254166666666666,0.5633168414950825
2024-12-25,14:30及以后,0.5130555555555556,0.553390294048231
2024-12-26,14:30及以后,0.5036111111111111,0.5499139310646536
2024-12-27,14:30及以后,0.5226388888888889,0.5569262137608284
2024-12-30,14:30及以后,0.5248611111111111,0.5557571775430094
2024-12-31,14:30及以后,0.5209722222222222,0.5574128356680118
2025-01-02,14:30及以后,0.5193055555555556,0.5667185105562773
2025-01-03,14:30及以后,0.5177777777777778,0.5670635848221006
2025-01-06,14:30及以后,0.5261111111111111,0.575769032674281
2025-01-07,14:30及以后,0.49041666666666667,0.5701548190849528
2025-01-08,14:30及以后,0.5313888888888889,0.5790850489289829
2025-01-09,14:30及以后,0.5470833333333334,0.5740616848976186
2025-01-10,14:30及以后,0.5345833333333333,0.5638067881018483
2025-01-13,14:30及以后,0.5291666666666667,0.5630788175768511
2025-01-14,14:30及以后,0.4905555555555556,0.5589545381254406
2025-01-15,14:30及以后,0.5048611111111111,0.5602540312955606
2025-01-16,14:30及以后,0.4970833333333333,0.5526540749796273
2025-01-17,14:30及以后,0.4781944444444444,0.5475108786262604
2025-01-20,14:30及以后,0.44569444444444445,0.5458586576429292
2025-01-21,14:30及以后,0.4444444444444444,0.5449815715156353
2025-01-22,14:30及以后,0.4872222222222222,0.552170748825324
2025-01-23,14:30及以后,0.45944444444444443,0.5493212396393157
2025-01-24,14:30及以后,0.4509722222222222,0.5430149315639763
2025-01-27,14:30及以后,0.4448611111111111,0.5396779172877143
2025-02-05,14:30及以后,0.45263888888888887,0.5338496773177195
2025-02-06,14:30及以后,0.4222222222222222,0.5260555728955957
2025-02-07,14:30及以后,0.38708333333333333,0.5149824671416741
2025-02-10,14:30及以后,0.3754166666666667,0.5126297937691401
2025-02-11,14:30及以后,0.39375,0.5102914042631185
2025-02-12,14:30及以后,0.40444444444444444,0.5099324357980962
2025-02-13,14:30及以后,0.3888888888888889,0.5156132064663913
2025-02-14,14:30及以后,0.3894444444444444,0.5215529518030675
2025-02-17,14:30及以后,0.36791666666666667,0.5242288089058522
2025-02-18,14:30及以后,0.35875,0.5213305058843597
2025-02-19,14:30及以后,0.3645833333333333,0.5222845113064756
2025-02-20,14:30及以后,0.3659722222222222,0.5226033093925753
2025-02-21,14:30及以后,0.36736111111111114,0.5206133875050498
2025-02-24,14:30及以后,0.37444444444444447,0.5238536336439354
2025-02-25,14:30及以后,0.42444444444444446,0.5286205007817718
2025-02-26,14:30及以后,0.415,0.533911819320524
2025-02-27,14:30及以后,0.3790277777777778,0.5295886768841883
2025-02-28,14:30及以后,0.41875,0.5367685670702862
2025-03-03,14:30及以后,0.41680555555555554,0.5443799766222385
2025-03-04,14:30及以后,0.4311111111111111,0.5526870251489601
2025-03-05,14:30及以后,0.42791666666666667,0.5538491067427995
2025-03-06,14:30及以后,0.42,0.5468752771771496
2025-03-07,14:30及以后,0.4568055555555556,0.548945054751647
2025-03-10,14:30及以后,0.49069444444444443,0.5520045724068995
2025-03-11,14:30及以后,0.4884722222222222,0.5511625626420694
2025-03-12,14:30及以后,0.4875,0.5479699170529605
2025-03-13,14:30及以后,0.4905555555555556,0.5424598227738178
2025-03-14,14:30及以后,0.4791666666666667,0.5403441611566876
2025-03-17,14:30及以后,0.4875,0.5391946255177756
2025-03-18,14:30及以后,0.45208333333333334,0.5345278021247158
2025-03-19,14:30及以后,0.48986111111111114,0.5331736677580152
2025-03-20,14:30及以后,0.50125,0.5316268817101093
2025-03-21,14:30及以后,0.5363888888888889,0.5419441611223588
2025-03-24,14:30及以后,0.5172222222222222,0.532473165090677
2025-03-25,14:30及以后,0.4798611111111111,0.5303921247282655
2025-03-26,14:30及以后,0.475,0.5219997181038787
2025-03-27,14:30及以后,0.5004166666666666,0.52278148723549
2025-03-28,14:30及以后,0.4948611111111111,0.526308398039405
2025-03-31,14:30及以后,0.5375,0.5250199788937705
2025-04-01,14:30及以后,0.5188888888888888,0.521328777389807
2025-04-02,14:30及以后,0.5118055555555555,0.5225089899159069
2025-04-03,14:30及以后,0.5409722222222222,0.5392621502753152
2025-04-07,14:30及以后,0.5409722222222222,0.5400033172412613
2025-04-08,14:30及以后,0.5126388888888889,0.5349425831853392
2025-04-09,14:30及以后,0.5138888888888888,0.5425188002986961
2025-04-10,14:30及以后,0.5009722222222223,0.5499037730731402
2025-04-11,14:30及以后,0.4976388888888889,0.54937506108852
2025-04-14,14:30及以后,0.48625,0.54966891940176
2025-04-15,14:30及以后,0.5209722222222222,0.5504393095906104
2025-04-16,14:30及以后,0.5669444444444445,0.561790628147594
2025-04-17,14:30及以后,0.5244444444444445,0.5567439431554655
2025-04-18,14:30及以后,0.5258333333333334,0.5537199137408544
2025-04-21,14:30及以后,0.5004166666666666,0.5367762174848522
2025-04-22,14:30及以后,0.5177777777777778,0.5444875676475125
2025-04-23,14:30及以后,0.52,0.5378484165941771
2025-04-24,14:30及以后,0.53875,0.5438430511057573
2025-04-25,14:30及以后,0.5075,0.5392993493644558
2025-04-28,14:30及以后,0.5233333333333333,0.5362818380323718
2025-04-29,14:30及以后,0.5138888888888888,0.5438456295266509
2025-04-30,14:30及以后,0.5030555555555556,0.5405155037255444
2025-05-06,14:30及以后,0.48930555555555555,0.5401137498671796
2025-05-07,14:30及以后,0.4601388888888889,0.5251923481537524
2025-05-08,14:30及以后,0.41097222222222224,0.5130283748132781
2025-05-09,14:30及以后,0.44972222222222225,0.5175565115836191
2025-05-12,14:30及以后,0.4033333333333333,0.5028375693321795
2025-05-13,14:30及以后,0.40375,0.4931871292354043
2025-05-14,14:30及以后,0.37916666666666665,0.48641371969348196
2025-05-15,14:30及以后,0.42291666666666666,0.49214638738903127
2025-05-16,14:30及以后,0.4001388888888889,0.49388437365045545
2025-05-19,14:30及以后,0.4026388888888889,0.48972496806262034
2025-05-20,14:30及以后,0.4251388888888889,0.49829111418717764
2025-05-21,14:30及以后,0.3948611111111111,0.4939518931867587
2025-05-22,14:30及以后,0.4272222222222222,0.49799853834166596
2025-05-23,14:30及以后,0.40625,0.496579840213196
2025-05-26,14:30及以后,0.41194444444444445,0.49931425474052793
2025-05-27,14:30及以后,0.4230555555555556,0.5051844452040971
2025-05-28,14:30及以后,0.4386111111111111,0.5057524914393379
2025-05-29,14:30及以后,0.3927777777777778,0.5002628106038506
2025-05-30,14:30及以后,0.4076388888888889,0.5026356523011731
2025-06-03,14:30及以后,0.41305555555555556,0.5015331395029801
2025-06-04,14:30及以后,0.41541666666666666,0.5000021257718086
2025-06-05,14:30及以后,0.4463888888888889,0.5090666125744795
2025-06-06,14:30及以后,0.4722222222222222,0.5177141313135043
2025-06-09,14:30及以后,0.4251388888888889,0.5067104013301322
2025-06-10,14:30及以后,0.4461111111111111,0.508836368382071
2025-06-11,14:30及以后,0.4459722222222222,0.5136330209136701
2025-06-12,14:30及以后,0.4905555555555556,0.5217092298959948
2025-06-13,14:30及以后,0.49666666666666665,0.5247121671838477
2025-06-16,14:30及以后,0.4775,0.5195290242580983
2025-06-17,14:30及以后,0.4543055555555556,0.5174665075297148
2025-06-18,14:30及以后,0.4508333333333333,0.511942511154318
2025-06-19,14:30及以后,0.475,0.5143191022887411
2025-06-20,14:30及以后,0.43916666666666665,0.5072314571943944
2025-06-23,14:30及以后,0.44958333333333333,0.5069482344174893
2025-06-24,14:30及以后,0.4295833333333333,0.5048879302869125
2025-06-25,14:30及以后,0.3975,0.4935526668771638
2025-06-26,14:30及以后,0.405,0.4957079905365024
2025-06-27,14:30及以后,0.40597222222222223,0.4925100896802615
2025-06-30,14:30及以后,0.36194444444444446,0.4851664234469512
2025-07-01,14:30及以后,0.39902777777777776,0.4890743236218402
2025-07-02,14:30及以后,0.44305555555555554,0.4911646371684037
2025-07-03,14:30及以后,0.4230555555555556,0.4859813471259367
2025-07-04,14:30及以后,0.44625,0.48721298984009376
2025-07-07,14:30及以后,0.47944444444444445,0.4940278919031189
2025-07-08,14:30及以后,0.4584722222222222,0.49578670636696703
2025-07-09,14:30及以后,0.48833333333333334,0.4976729256307252
2025-07-10,14:30及以后,0.46166666666666667,0.49789510208644633
2025-07-11,14:30及以后,0.42444444444444446,0.49284567508625976
2025-07-14,14:30及以后,0.44958333333333333,0.5051428329884436
2025-07-15,14:30及以后,0.43680555555555556,0.5078132338942577
2025-07-16,14:30及以后,0.4280555555555556,0.5077771118903227
2025-07-17,14:30及以后,0.3898611111111111,0.5004007080836935
2025-07-18,14:30及以后,0.38222222222222224,0.5034942340384687
2025-07-21,14:30及以后,0.35680555555555554,0.4950666616243294
2025-07-22,14:30及以后,0.3647222222222222,0.4872999280845241
2025-07-23,14:30及以后,0.3645833333333333,0.491095139936685
2025-07-24,14:30及以后,0.34125,0.48591243302727305
2025-07-25,14:30及以后,0.38416666666666666,0.4981323605707462
2025-07-28,14:30及以后,0.4148611111111111,0.5022425660922866
2025-07-29,14:30及以后,0.40597222222222223,0.5022175227455027
2025-07-30,14:30及以后,0.3902777777777778,0.49845563185430153
2025-07-31,14:30及以后,0.41944444444444445,0.5087394552332292
2025-08-01,14:30及以后,0.37416666666666665,0.5051259968026091
2025-08-04,14:30及以后,0.3701388888888889,0.5037974281164429
2025-08-05,14:30及以后,0.3695833333333333,0.502819109123859
2025-08-06,14:30及以后,0.34097222222222223,0.4914938752057695
2025-08-07,14:30及以后,0.33958333333333335,0.4889320189740063
2025-08-08,14:30及以后,0.37680555555555556,0.4900496087149553
2025-08-11,14:30及以后,0.35291666666666666,0.48521740485336157
2025-08-12,14:30及以后,0.36625,0.48781975897509877
2025-08-13,14:30及以后,0.3548611111111111,0.4830880432125072
2025-08-14,14:30及以后,0.36083333333333334,0.48985278651881675
2025-08-15,14:30及以后,0.38180555555555556,0.49798407007968964
2025-08-18,14:30及以后,0.3938888888888889,0.5088274491800874
2025-08-19,14:30及以后,0.3861111111111111,0.5114217817290192
2025-08-20,14:30及以后,0.42875,0.5253866927401527
2025-08-21,14:30及以后,0.43041666666666667,0.5258451428329495
2025-08-22,14:30及以后,0.3825,0.5093000925049185
2025-08-25,14:30及以后,0.34625,0.5086246380888149
2025-08-26,14:30及以后,0.3466666666666667,0.5005078584070449
2025-08-27,14:30及以后,0.3318055555555556,0.5038234821354525
2025-08-28,14:30及以后,0.3236111111111111,0.501293097711062
2025-08-29,14:30及以后,0.33555555555555555,0.5046341439600822
2025-09-01,14:30及以后,0.3259722222222222,0.4976641238345435
2025-09-02,14:30及以后,0.35083333333333333,0.4987752186558709
2025-09-03,14:30及以后,0.36194444444444446,0.5113526471126021
2025-09-04,14:30及以后,0.3645833333333333,0.5148278270636758
2025-09-05,14:30及以后,0.31875,0.5143570925124548
2025-09-08,14:30及以后,0.3223611111111111,0.508795352366301
2025-09-09,14:30及以后,0.33569444444444446,0.5011492909510749
2025-09-10,14:30及以后,0.33611111111111114,0.5077357189653662
2025-09-11,14:30及以后,0.3651388888888889,0.5063817600452786
2025-09-12,14:30及以后,0.3473611111111111,0.5028319084302321
2025-09-15,14:30及以后,0.36375,0.5027430513798975
2025-09-16,14:30及以后,0.36583333333333334,0.5098293033482839
2025-09-17,14:30及以后,0.32430555555555557,0.4901797477028658
2025-09-18,14:30及以后,0.34097222222222223,0.48875889852681337
2025-09-19,14:30及以后,0.3413888888888889,0.4923286390371519
2025-09-22,14:30及以后,0.3834722222222222,0.5003708451463778
2025-09-23,14:30及以后,0.37083333333333335,0.5051548925724569
2025-09-24,14:30及以后,0.3548611111111111,0.49928230891359743
2025-09-25,14:30及以后,0.3318055555555556,0.48871590944308246
2025-09-26,14:30及以后,0.3601388888888889,0.4891798484220395
2025-09-29,14:30及以后,0.3825,0.49190033798774846
2025-09-30,14:30及以后,0.35777777777777775,0.4906845436666986
2025-10-09,14:30及以后,0.3452777777777778,0.48730950549194807
2025-10-10,14:30及以后,0.37555555555555553,0.490615428388117
2025-10-13,14:30及以后,0.42138888888888887,0.49811454494367224
2025-10-14,14:30及以后,0.41,0.4999619246988483
2025-10-15,14:30及以后,0.3725,0.5013756296822633
2025-10-16,14:30及以后,0.4002777777777778,0.5076733265702601
2025-10-17,14:30及以后,0.3904166666666667,0.5043836475151755
2025-10-20,14:30及以后,0.38722222222222225,0.5014607039643415
2025-10-21,14:30及以后,0.35875,0.49893494352502493
2025-10-22,14:30及以后,0.40597222222222223,0.5000277192202401
2025-10-23,14:30及以后,0.45069444444444445,0.5139335465855874
2025-10-24,14:30及以后,0.4259722222222222,0.5138821757491356
2025-10-27,14:30及以后,0.42541666666666667,0.5115837495261493
2025-10-28,14:30及以后,0.41305555555555556,0.5020108826758313
2025-10-29,14:30及以后,0.38625,0.4982897856691294
2025-10-30,14:30及以后,0.43069444444444444,0.505635991359891
2025-10-31,14:30及以后,0.45458333333333334,0.5178580668484148
2025-11-03,14:30及以后,0.45902777777777776,0.5242132766205132
2025-11-04,14:30及以后,0.44819444444444445,0.5289264631384339
2025-11-05,14:30及以后,0.495,0.5403659755289346
2025-11-06,14:30及以后,0.49972222222222223,0.540634298036463
2025-11-07,14:30及以后,0.49875,0.5382822636289312
2025-11-10,14:30及以后,0.4627777777777778,0.5341276181083996
2025-11-11,14:30及以后,0.47430555555555554,0.5298000997161826
2025-11-12,14:30及以后,0.50875,0.5334809140559903
2025-11-13,14:30及以后,0.49194444444444446,0.5262044127831251
2025-11-14,14:30及以后,0.5111111111111111,0.532068142618724
2025-11-17,14:30及以后,0.5608333333333333,0.5448368812129709
2025-11-18,14:30及以后,0.6083333333333333,0.553553196336096
2025-11-19,14:30及以后,0.5670833333333334,0.5545718889951928
2025-11-20,14:30及以后,0.52,0.5438300291730309
2025-11-21,14:30及以后,0.57,0.5488914617195322
2025-11-24,14:30及以后,0.5918055555555556,0.5553522790962938
2025-11-25,14:30及以后,0.5626388888888889,0.5556296197161806
2025-11-26,14:30及以后,0.5679166666666666,0.5546268952389606
2025-11-27,14:30及以后,0.53,0.5535563047104288
2025-11-28,14:30及以后,0.5323611111111111,0.5521421779163446
2025-12-01,14:30及以后,0.48305555555555557,0.5458866845619279
2025-12-02,14:30及以后,0.4965277777777778,0.5435816779210532
2025-12-03,14:30及以后,0.4691666666666667,0.5398774718361591
2025-12-04,14:30及以后,0.4826388888888889,0.5443562429174279
2025-12-05,14:30及以后,0.46847222222222223,0.5472923533684716
2025-12-08,14:30及以后,0.45472222222222225,0.5429523966468769
2025-12-09,14:30及以后,0.4756944444444444,0.5475463579862972
2025-12-10,14:30及以后,0.48875,0.5540301984468134
2025-12-11,14:30及以后,0.49416666666666664,0.5548203617259436
2025-12-12,14:30及以后,0.46708333333333335,0.5498091509359316
2025-12-15,14:30及以后,0.45402777777777775,0.5463835784970834
2025-12-16,14:30及以后,0.45652777777777775,0.5479923295101127
2025-12-17,14:30及以后,0.4548611111111111,0.5457726446133121
2025-12-18,14:30及以后,0.48333333333333334,0.5495786066641764
2025-12-19,14:30及以后,0.44680555555555557,0.5431193811657505
2025-12-22,14:30及以后,0.425,0.5406883840440689
2025-12-23,14:30及以后,0.43555555555555553,0.5368974401623973
2025-12-24,14:30及以后,0.4436111111111111,0.5406307309619437
2025-12-25,14:30及以后,0.4479166666666667,0.5390033148403389
2025-12-26,14:30及以后,0.4152777777777778,0.5339574366148695
2025-12-29,14:30及以后,0.4504166666666667,0.5384562456900815
2025-12-30,14:30及以后,0.4240277777777778,0.5401837738518449
2025-12-31,14:30及以后,0.4494444444444444,0.5399607413700005
2026-01-05,14:30及以后,0.4311111111111111,0.540421767000974
2026-01-06,14:30及以后,0.39625,0.5266042417867683
2026-01-07,14:30及以后,0.40597222222222223,0.5236924160935413
2026-01-08,14:30及以后,0.39958333333333335,0.523448055599499
2026-01-09,14:30及以后,0.36041666666666666,0.5154082050424476
2026-01-12,14:30及以后,0.3605555555555556,0.5200308123333515
2026-01-13,14:30及以后,0.3645833333333333,0.5226770151903939
2026-01-14,14:30及以后,0.32805555555555554,0.5182571497742965
2026-01-15,14:30及以后,0.29944444444444446,0.5116338857943423
2026-01-16,14:30及以后,0.2927777777777778,0.5105881247816978
2026-01-19,14:30及以后,0.27208333333333334,0.49826541879106157
2026-01-20,14:30及以后,0.2808333333333333,0.5109074734889738
2026-01-21,14:30及以后,0.2811111111111111,0.508558555226229
2026-01-22,14:30及以后,0.2701388888888889,0.5147487587847325
2026-01-23,14:30及以后,0.25625,0.5006258600802811
2026-01-26,14:30及以后,0.2598611111111111,0.4998425024514987
2026-01-27,14:30及以后,0.2980555555555556,0.506084024706041
2026-01-28,14:30及以后,0.2911111111111111,0.5028387093703606
2026-01-29,14:30及以后,0.2927777777777778,0.5002568796903328
2026-01-30,14:30及以后,0.2972222222222222,0.501887304992204
2026-02-02,14:30及以后,0.34625,0.5079270135012818
2026-02-03,14:30及以后,0.34625,0.512120859989333
2026-02-04,14:30及以后,0.37430555555555556,0.5207359439262939
2026-02-05,14:30及以后,0.39611111111111114,0.5238709920555225
2026-02-06,14:30及以后,0.4361111111111111,0.5241117983510074
2026-02-09,14:30及以后,0.4191666666666667,0.5234876232432627
2026-02-10,14:30及以后,0.40625,0.5170059289557746
2026-02-11,14:30及以后,0.42541666666666667,0.5197821426635371
2026-02-12,14:30及以后,0.41305555555555556,0.5160915958974206
2026-02-13,14:30及以后,0.4626388888888889,0.5261458111003763
2026-02-24,14:30及以后,0.4527777777777778,0.5289951570387791
2026-02-25,14:30及以后,0.4305555555555556,0.5237168502947912
2026-02-26,14:30及以后,0.4738888888888889,0.5380475870472462
2026-02-27,14:30及以后,0.5008333333333334,0.5477219195450352
2026-03-02,14:30及以后,0.5397222222222222,0.5647052322295706
2026-03-03,14:30及以后,0.5676388888888889,0.5767409983395437
2026-03-04,14:30及以后,0.5547222222222222,0.5809043903709028
2026-03-05,14:30及以后,0.5265277777777778,0.5779833220250804
2026-03-06,14:30及以后,0.5284722222222222,0.5761772409551235
2026-03-09,14:30及以后,0.5288888888888889,0.5707890203561224
2026-03-10,14:30及以后,0.4798611111111111,0.5603129351367019
2026-03-11,14:30及以后,0.4911111111111111,0.5528399754195723
2026-03-12,14:30及以后,0.4951388888888889,0.5570536754091343
2026-03-13,14:30及以后,0.47930555555555554,0.5518807950863927
2026-03-16,14:30及以后,0.4791666666666667,0.5529207286761285
2026-03-17,14:30及以后,0.4984722222222222,0.5600946399744428
2026-03-18,14:30及以后,0.5108333333333334,0.5696551102747497
2026-03-19,14:30及以后,0.5415277777777778,0.5747133088884294
2026-03-20,14:30及以后,0.5359722222222222,0.5755238494537998
2026-03-23,14:30及以后,0.5359722222222222,0.570671038100747
2026-03-24,14:30及以后,0.5409722222222222,0.5772945931657927
2026-03-25,14:30及以后,0.5409722222222222,0.582302848729192
2026-03-26,14:30及以后,0.5161111111111111,0.5702055349836652
2026-03-27,14:30及以后,0.5184722222222222,0.5617679250485411
2026-03-30,14:30及以后,0.5295833333333333,0.5553809119311461
2026-03-31,14:30及以后,0.49666666666666665,0.5514516080777292
2026-04-01,14:30及以后,0.4688888888888889,0.5454458205029947
2026-04-02,14:30及以后,0.5188888888888888,0.5524056145421351
2026-04-03,14:30及以后,0.5081944444444444,0.5576392267383572
2026-04-07,14:30及以后,0.45819444444444446,0.5465240639939676
2026-04-08,14:30及以后,0.45819444444444446,0.5426997587972351
2026-04-09,14:30及以后,0.49680555555555556,0.5538289486152654
2026-04-10,14:30及以后,0.45472222222222225,0.5478222404954789
2026-04-13,14:30及以后,0.46305555555555555,0.5535368924353797
2026-04-14,14:30及以后,0.4131944444444444,0.5459395784103013
2026-04-15,14:30及以后,0.3938888888888889,0.5314153270559603
2026-04-16,14:30及以后,0.3676388888888889,0.5156302302775106
2026-04-17,14:30及以后,0.3625,0.5106116976202608
2026-04-20,14:30及以后,0.3638888888888889,0.5017057420559017
2026-04-21,14:30及以后,0.35833333333333334,0.49414673190626285
2026-04-22,14:30及以后,0.37041666666666667,0.4858523853913694
2026-04-23,14:30及以后,0.39861111111111114,0.4905276324623728
2026-04-24,14:30及以后,0.42291666666666666,0.5006843259421033
2026-04-27,14:30及以后,0.4190277777777778,0.5061519776712593
2026-04-28,14:30及以后,0.40319444444444447,0.4984807713988547
2026-04-29,14:30及以后,0.39555555555555555,0.49709763986570554
2026-04-30,14:30及以后,0.42430555555555555,0.49927046802245006
2026-05-06,14:30及以后,0.37430555555555556,0.4888845287490798
2026-05-07,14:30及以后,0.3655555555555556,0.4866815814432063
2026-05-08,14:30及以后,0.39958333333333335,0.4901603770017206
2026-05-11,14:30及以后,0.39958333333333335,0.4904714585163788
2026-05-12,14:30及以后,0.3829166666666667,0.4856124400567398
2026-05-13,14:30及以后,0.4106944444444444,0.48496278226269196
2026-05-14,14:30及以后,0.4126388888888889,0.484590312263913
2026-05-15,14:30及以后,0.4626388888888889,0.4936919066095789
2026-05-18,14:30及以后,0.4840277777777778,0.5023018639582476
2026-05-19,14:30及以后,0.5077777777777778,0.5124897045612713
2026-05-20,14:30及以后,0.5091666666666667,0.5110333760471015
2026-05-21,14:30及以后,0.5043055555555556,0.5092956758627718
2026-05-22,14:30及以后,0.4772222222222222,0.5051114380926048
2026-05-25,14:30及以后,0.46347222222222223,0.5047083954358995
2026-05-26,14:30及以后,0.48,0.5060160393085484
2026-05-27,14:30及以后,0.44625,0.5002977006172267
2026-05-28,14:30及以后,0.45805555555555555,0.5019206692606992
2026-05-29,14:30及以后,0.44166666666666665,0.5020620016869609
2026-06-01,14:30及以后,0.4438888888888889,0.5001816628589604
2026-06-02,14:30及以后,0.4401388888888889,0.5020984606867945
2026-06-03,14:30及以后,0.45444444444444443,0.5053630115330959
2026-06-04,14:30及以后,0.48097222222222225,0.5126844911010758
2026-06-05,14:30及以后,0.4865277777777778,0.5179514503305576
2026-06-08,14:30及以后,0.5365277777777778,0.5331142068474648
2026-06-09,14:30及以后,0.5138888888888888,0.5367129689500747
2026-06-10,14:30及以后,0.5248611111111111,0.5401275185976496
2026-06-11,14:30及以后,0.5031944444444445,0.5345058672228484
2026-06-12,14:30及以后,0.45319444444444446,0.5170636847662163
2026-06-15,14:30及以后,0.43180555555555555,0.5096981596473148
2026-06-16,14:30及以后,0.41541666666666666,0.4957218558043859
2026-06-17,14:30及以后,0.3934722222222222,0.4894194679752254
2026-06-18,14:30及以后,0.39402777777777775,0.4962395402953012
2026-06-22,14:30及以后,0.39402777777777775,0.503256463604453
2026-06-23,14:30及以后,0.42986111111111114,0.5138268776851144
2026-06-24,14:30及以后,0.38930555555555557,0.5104698280555392
2026-06-25,14:30及以后,0.38680555555555557,0.509099255736901
2026-06-26,14:30及以后,0.39861111111111114,0.5081517201427717
2026-06-29,14:30及以后,0.38819444444444445,0.5011446033870549
2026-06-30,14:30及以后,0.3952777777777778,0.5008434645688395
