时段,方向变化,样本量,占时段样本比例,Tag负类比例,Tag正类比例
全体样本,固定空→分位数多,194017,0.11615002394636015,0.5039713014838906,0.4869470201064855
全体样本,固定多→分位数空,34613,0.02072138409961686,0.4956230318088579,0.5002455724727704
全体样本,两方案均为空,800738,0.4793690134099617,0.5126558250014361,0.47898313805514414
全体样本,两方案均为多,641032,0.3837595785440613,0.4784129341436933,0.5141974191616019
14:30以前,固定空→分位数多,192837,0.1319355500821018,0.5037103875293641,0.4871782904733013
14:30以前,固定多→分位数空,126,0.00008620689655172413,0.3888888888888889,0.6111111111111112
14:30以前,两方案均为空,737444,0.5045457033388068,0.5130626867938447,0.47818817428848837
14:30以前,两方案均为多,531193,0.3634325396825397,0.49030954850685154,0.5016387640650385
14:30及以后,固定空→分位数多,1180,0.005651340996168582,0.5466101694915254,0.4491525423728814
14:30及以后,固定多→分位数空,34487,0.1651676245210728,0.49601299040218055,0.4998405196160872
14:30及以后,两方案均为空,63294,0.30313218390804597,0.5079154422220116,0.48824533131102477
14:30及以后,两方案均为多,109839,0.5260488505747126,0.4208796511257386,0.5749324010597329
