半衰期_交易日,alpha,开发段固定平衡偏移量,开发段总体做空占比,偏离50%,满足49%至51%硬约束,开发段月度绝对面积均值,开发段月度斜率均方,开发段最大月度中位偏移,开发段日偏移变化标准差,开发段日偏移绝对变化P95,开发段日偏移绝对变化最大值
1,0.5,-0.00006721714603599716,0.5,0.0,true,0.002172823656996801,0.00001672883361053058,0.004924468052887349,0.013000630178216609,0.026906997430955103,0.04795176883520452
2,0.2928932188134524,-0.0004596376767662391,0.5,0.0,true,0.0026963893024558637,0.000029868646171358655,0.0068776338500068646,0.007466565651879506,0.014725485087277067,0.028743768910415135
5,0.12944943670387588,-0.0008220973808251986,0.5,0.0,true,0.003955521192321602,0.00006207674495647293,0.008203976899125748,0.0032331397115308034,0.0063573858940567,0.01320401521434239
10,0.06696700846319259,-0.0009473859831748699,0.5,0.0,true,0.005110506446646366,0.0000911418434071753,0.011199954105206078,0.0016204926234269596,0.00324535657989678,0.006880336840409174
20,0.0340636710751544,-0.0009396511066240287,0.5,0.0,true,0.0060043099713149705,0.00011144135685119931,0.013860758047667038,0.0007836621441846305,0.0015330032518638091,0.003459573516500003
40,0.017179401454748944,-0.0009024145264132089,0.5,0.0,true,0.006438546216398184,0.00012067702191505623,0.01564363050919948,0.0003773384863572409,0.0007839175521905493,0.0016923715464359779
60,0.01148597964710385,-0.0008535373019320502,0.5,0.0,true,0.006576952847817669,0.00012286391146774277,0.01627763409814159,0.0002621163758348364,0.0005289298892292154,0.0011016571872076164
90,0.007672053737056483,-0.0008277438500625955,0.5,0.0,true,0.006647878699925557,0.00012368254072799766,0.01675713629913478,0.0002084343654115944,0.0003951549360767608,0.0010297233366608483
120,0.005759576182452708,-0.0008447950408873861,0.5,0.0,true,0.0067160474637409226,0.00012402223319029875,0.017021394490304043,0.00019507676009266576,0.00037514839642977237,0.0010397670095815825
