版本,档位,方向,对象,分数下界,分数上界,样本量,P01,P05,P10,P25,P50,P75,P90,P95,P99,均值,标准差,正值比例,负值比例,零值比例,下尾5%均值,上尾5%均值
修正前,Q01,做空,Tag,0.25140076862855704,0.4142687198903117,83376,-0.013910626992583275,-0.007309437729418278,-0.005098278867080808,-0.0024872837821021676,-0.00031728047179058194,0.0018414955702610314,0.004647504538297653,0.007129198871552944,0.013703834731131792,-0.00028370861304021107,0.005128645232505215,0.45129293801573594,0.5401554404145078,0.008551621569756284,-0.012136738849225219,0.011811141120718913
修正前,Q01,做空,策略收益,0.25140076862855704,0.4142687198903117,83376,-0.013703834731131792,-0.007129198871552944,-0.004647504538297653,-0.0018414955702610314,0.00031728047179058194,0.0024872837821021676,0.005098278867080808,0.007309437729418278,0.013910626992583275,0.00028370861304021107,0.005128645232505215,0.5401554404145078,0.45129293801573594,0.008551621569756284,-0.011811141120718913,0.012136738849225219
修正前,Q02,做空,Tag,0.4142688782761658,0.4299265085860603,83376,-0.011874176561832428,-0.006687046377919614,-0.004645495908334851,-0.002221665228717029,-0.00022086757235229015,0.0017992604698520154,0.004467617254704237,0.006830453989095986,0.01341268140822649,-0.00011322619851527009,0.004656974349923725,0.463982440990213,0.5281975628478219,0.007819996161965074,-0.010343698066055888,0.011355324529252569
修正前,Q02,做空,策略收益,0.4142688782761658,0.4299265085860603,83376,-0.01341268140822649,-0.006830453989095986,-0.004467617254704237,-0.0017992604698520154,0.00022086757235229015,0.002221665228717029,0.004645495908334851,0.006687046377919614,0.011874176561832428,0.00011322619851527009,0.004656974349923725,0.5281975628478219,0.463982440990213,0.007819996161965074,-0.011355324529252569,0.010343698066055888
修正前,Q03,做空,Tag,0.42992681254164783,0.44051666382852644,83376,-0.011344283120706677,-0.006456220638938248,-0.004459009971469641,-0.002097211661748588,-0.0001462576401536353,0.0017644007166381925,0.00433897995389998,0.006733577698469162,0.013039752375334501,-0.00005932047673805881,0.004451566915875997,0.4727139704471311,0.5185904816733832,0.008695547879485703,-0.009784607609439508,0.010982289644814697
修正前,Q03,做空,策略收益,0.42992681254164783,0.44051666382852644,83376,-0.013039752375334501,-0.006733577698469162,-0.00433897995389998,-0.0017644007166381925,0.0001462576401536353,0.002097211661748588,0.004459009971469641,0.006456220638938248,0.011344283120706677,0.00005932047673805881,0.004451566915875997,0.5185904816733832,0.4727139704471311,0.008695547879485703,-0.010982289644814697,0.009784607609439508
修正前,Q04,做空,Tag,0.4405166708015235,0.4490527872895034,83376,-0.011182334739714861,-0.0062980413204059005,-0.004331519594416022,-0.0020190016948617995,-0.00013145283446647227,0.0017423922254238278,0.004340318264439702,0.00667934026569128,0.01289963605813682,-0.000020415080093084275,0.004471455354559028,0.4756164843600077,0.5156999616196507,0.008683554020341586,-0.009709675533508913,0.01098420035315628
修正前,Q04,做空,策略收益,0.4405166708015235,0.4490527872895034,83376,-0.01289963605813682,-0.00667934026569128,-0.004340318264439702,-0.0017423922254238278,0.00013145283446647227,0.0020190016948617995,0.004331519594416022,0.0062980413204059005,0.011182334739714861,0.000020415080093084275,0.004471455354559028,0.5156999616196507,0.4756164843600077,0.008683554020341586,-0.01098420035315628,0.009709675533508913
修正前,Q05,做空,Tag,0.4490529151205473,0.4563823298604326,83376,-0.010877375258132815,-0.006088789086788893,-0.004245124524459243,-0.0019461682240944356,-0.00007471887874999084,0.0017857147613540292,0.004322337452322245,0.006594130303710699,0.012756215874105692,0.00003163592487698048,0.004382178858514915,0.48408414891575513,0.5069564383035886,0.008959412780656303,-0.00940447602654267,0.010858120017524824
修正前,Q05,做空,策略收益,0.4490529151205473,0.4563823298604326,83376,-0.012756215874105692,-0.006594130303710699,-0.004322337452322245,-0.0017857147613540292,0.00007471887874999084,0.0019461682240944356,0.004245124524459243,0.006088789086788893,0.010877375258132815,-0.00003163592487698048,0.004382178858514915,0.5069564383035886,0.48408414891575513,0.008959412780656303,-0.010858120017524824,0.00940447602654267
修正前,Q06,做空,Tag,0.45638238450034885,0.46312197561513024,83376,-0.010964160086587071,-0.00603254628367722,-0.004214567597955465,-0.001933638210175559,-0.00005767179391114041,0.001798494253307581,0.004325807560235262,0.006563845439814031,0.012605479452759027,0.00003533605592610575,0.004445366654368994,0.4869506812511994,0.5040779121090002,0.008971406639800422,-0.009545628562579447,0.010723867550028524
修正前,Q06,做空,策略收益,0.45638238450034885,0.46312197561513024,83376,-0.012605479452759027,-0.006563845439814031,-0.004325807560235262,-0.001798494253307581,0.00005767179391114041,0.001933638210175559,0.004214567597955465,0.00603254628367722,0.010964160086587071,-0.00003533605592610575,0.004445366654368994,0.5040779121090002,0.4869506812511994,0.008971406639800422,-0.010723867550028524,0.009545628562579447
修正前,Q07,做空,Tag,0.463122130969652,0.4694272644392596,83376,-0.01097095012664795,-0.0060500409454107285,-0.004188889637589455,-0.0018979436135850847,-0.00006106685032136738,0.0017903895350173116,0.004241994582116604,0.006399899604730308,0.012332473183050752,0.000025500499188011202,0.004316162358533085,0.4865668777585876,0.5049414699673767,0.008491652274035694,-0.00942528757324112,0.010492766584506721
修正前,Q07,做空,策略收益,0.463122130969652,0.4694272644392596,83376,-0.012332473183050752,-0.006399899604730308,-0.004241994582116604,-0.0017903895350173116,0.00006106685032136738,0.0018979436135850847,0.004188889637589455,0.0060500409454107285,0.01097095012664795,-0.000025500499188011202,0.004316162358533085,0.5049414699673767,0.4865668777585876,0.008491652274035694,-0.010492766584506721,0.00942528757324112
修正前,Q08,做空,Tag,0.46942735012880393,0.47550460709033787,83376,-0.010754927527159452,-0.0059443803038448095,-0.004196107620373368,-0.0019220357935409993,-0.00006764071440557018,0.00178191126906313,0.004265443421900272,0.006438590586185455,0.012219971278682351,0.000023623416238947024,0.004413997612788879,0.48618307426597585,0.5054332181922856,0.00838370754173863,-0.009493263268342447,0.010543425631338341
修正前,Q08,做空,策略收益,0.46942735012880393,0.47550460709033787,83376,-0.012219971278682351,-0.006438590586185455,-0.004265443421900272,-0.00178191126906313,0.00006764071440557018,0.0019220357935409993,0.004196107620373368,0.0059443803038448095,0.010754927527159452,-0.000023623416238947024,0.004413997612788879,0.5054332181922856,0.48618307426597585,0.00838370754173863,-0.010543425631338341,0.009493263268342447
修正前,Q09,做空,Tag,0.4755047577652209,0.48154718782645034,83376,-0.010738198645412922,-0.00598015240393579,-0.004167535109445453,-0.0018934125546365976,-0.00005099699228594545,0.0018168337701354176,0.004256343003362417,0.006401036283932626,0.012341849971562624,0.00004767528053510561,0.004464219587592161,0.4884739013625024,0.5029504893494531,0.008575609288044522,-0.009471458621487525,0.010667406423872976
修正前,Q09,做空,策略收益,0.4755047577652209,0.48154718782645034,83376,-0.012341849971562624,-0.006401036283932626,-0.004256343003362417,-0.0018168337701354176,0.00005099699228594545,0.0018934125546365976,0.004167535109445453,0.00598015240393579,0.010738198645412922,-0.00004767528053510561,0.004464219587592161,0.5029504893494531,0.4884739013625024,0.008575609288044522,-0.010667406423872976,0.009471458621487525
修正前,Q10,做空,Tag,0.4815473574488202,0.4876832017959059,83376,-0.010926194954663515,-0.006119124474935234,-0.004250281490385532,-0.0019176987116225064,-0.000051741193601628765,0.0018230329733341932,0.004265115829184651,0.006443370832130313,0.012540953932330012,0.000013758174910401092,0.004522097669707897,0.4888816925734024,0.503034446363462,0.008083861063135675,-0.009847062357635907,0.010611762653573414
修正前,Q10,做空,策略收益,0.4815473574488202,0.4876832017959059,83376,-0.012540953932330012,-0.006443370832130313,-0.004265115829184651,-0.0018230329733341932,0.000051741193601628765,0.0019176987116225064,0.004250281490385532,0.006119124474935234,0.010926194954663515,-0.000013758174910401092,0.004522097669707897,0.503034446363462,0.4888816925734024,0.008083861063135675,-0.010611762653573414,0.009847062357635907
修正前,Q11,做多,Tag,0.48768338511811354,0.49395303691715375,83376,-0.010952928336337209,-0.006079226499423385,-0.004258125554770231,-0.0019237921515014023,-0.00004161984907113947,0.0018553905538283288,0.004258916713297367,0.00632489298004657,0.012678487692028284,5.371177805166367e-6,0.004519540087089908,0.49021301093839953,0.5017031279984648,0.008083861063135675,-0.009960282434686808,0.010474288122606494
修正前,Q11,做多,策略收益,0.48768338511811354,0.49395303691715375,83376,-0.010952928336337209,-0.006079226499423385,-0.004258125554770231,-0.0019237921515014023,-0.00004161984907113947,0.0018553905538283288,0.004258916713297367,0.00632489298004657,0.012678487692028284,5.371177805166367e-6,0.004519540087089908,0.49021301093839953,0.5017031279984648,0.008083861063135675,-0.009960282434686808,0.010474288122606494
修正前,Q12,做多,Tag,0.49395304871959544,0.5005331928873294,83376,-0.010943436995148659,-0.00608182477299124,-0.0042841865215450525,-0.0019109502900391817,0.0,0.0019027315429411829,0.004324889043346047,0.006421466590836644,0.012719213031232357,0.00004150419520864898,0.004569517504397101,0.49442285549798504,0.4967976396085204,0.00877950489349453,-0.009971601505084493,0.010710149715033744
修正前,Q12,做多,策略收益,0.49395304871959544,0.5005331928873294,83376,-0.010943436995148659,-0.00608182477299124,-0.0042841865215450525,-0.0019109502900391817,0.0,0.0019027315429411829,0.004324889043346047,0.006421466590836644,0.012719213031232357,0.00004150419520864898,0.004569517504397101,0.49442285549798504,0.4967976396085204,0.00877950489349453,-0.009971601505084493,0.010710149715033744
修正前,Q13,做多,Tag,0.5005332291356933,0.5075048826743135,83376,-0.010990281589329243,-0.0061748570296913385,-0.004292843164876103,-0.0019112388254143298,0.0,0.001920631853863597,0.004358050413429737,0.006500958115793765,0.012942111818119884,0.0000608710880855647,0.00454991098289385,0.4931874880061409,0.49830886586067935,0.008503646133179813,-0.009890659768214776,0.010876780744770694
修正前,Q13,做多,策略收益,0.5005332291356933,0.5075048826743135,83376,-0.010990281589329243,-0.0061748570296913385,-0.004292843164876103,-0.0019112388254143298,0.0,0.001920631853863597,0.004358050413429737,0.006500958115793765,0.012942111818119884,0.0000608710880855647,0.00454991098289385,0.4931874880061409,0.49830886586067935,0.008503646133179813,-0.009890659768214776,0.010876780744770694
修正前,Q14,做多,Tag,0.5075051540327663,0.5151398472126816,83376,-0.011433833045884967,-0.006275708903558552,-0.004342277068644762,-0.0019107388507109135,0.0,0.001983186404686421,0.004499082453548908,0.006643821252509952,0.01310077146627009,0.0000744497715564474,0.004711808737629542,0.49910046056419116,0.4930075801189791,0.007891959316829783,-0.010286834261173052,0.01099551188707902
修正前,Q14,做多,策略收益,0.5075051540327663,0.5151398472126816,83376,-0.011433833045884967,-0.006275708903558552,-0.004342277068644762,-0.0019107388507109135,0.0,0.001983186404686421,0.004499082453548908,0.006643821252509952,0.01310077146627009,0.0000744497715564474,0.004711808737629542,0.49910046056419116,0.4930075801189791,0.007891959316829783,-0.010286834261173052,0.01099551188707902
修正前,Q15,做多,Tag,0.5151398785769045,0.5237541150913941,83376,-0.011577225290238857,-0.0065490680281072855,-0.004428553394973278,-0.0019401892786845565,0.0,0.0020361198694445193,0.004603152861818671,0.006798160262405872,0.013496605213731527,0.00008426513133890017,0.004823764179842124,0.4991844175782,0.49265975820379965,0.008155824218000384,-0.010509660241432428,0.011340737115421093
修正前,Q15,做多,策略收益,0.5151398785769045,0.5237541150913941,83376,-0.011577225290238857,-0.0065490680281072855,-0.004428553394973278,-0.0019401892786845565,0.0,0.0020361198694445193,0.004603152861818671,0.006798160262405872,0.013496605213731527,0.00008426513133890017,0.004823764179842124,0.4991844175782,0.49265975820379965,0.008155824218000384,-0.010509660241432428,0.011340737115421093
修正前,Q16,做多,Tag,0.5237542808368829,0.5339071383941891,83376,-0.011732354294508696,-0.00667503837030381,-0.004567842232063413,-0.0019663808052428067,0.00006737863441230729,0.0021206485107541084,0.0048815307673066854,0.007212043507024646,0.014048722106963396,0.0001546898128363237,0.0049695649470896655,0.5055531567837267,0.48631500671656114,0.008131836499712147,-0.01062762974192893,0.011967012360374807
修正前,Q16,做多,策略收益,0.5237542808368829,0.5339071383941891,83376,-0.011732354294508696,-0.00667503837030381,-0.004567842232063413,-0.0019663808052428067,0.00006737863441230729,0.0021206485107541084,0.0048815307673066854,0.007212043507024646,0.014048722106963396,0.0001546898128363237,0.0049695649470896655,0.5055531567837267,0.48631500671656114,0.008131836499712147,-0.01062762974192893,0.011967012360374807
修正前,Q17,做多,Tag,0.5339071775642334,0.5466295172660992,83376,-0.012602679897099733,-0.006950125098228455,-0.004796476801857352,-0.002031844458542764,0.00008585533214500174,0.0022439233725890517,0.005141445901244879,0.007587146130390465,0.014495843090116978,0.00019690493364955784,0.005307116973209686,0.5088754557666475,0.48337651122625214,0.007748033007100364,-0.01111232583127553,0.012793744104324834
修正前,Q17,做多,策略收益,0.5339071775642334,0.5466295172660992,83376,-0.012602679897099733,-0.006950125098228455,-0.004796476801857352,-0.002031844458542764,0.00008585533214500174,0.0022439233725890517,0.005141445901244879,0.007587146130390465,0.014495843090116978,0.00019690493364955784,0.005307116973209686,0.5088754557666475,0.48337651122625214,0.007748033007100364,-0.01111232583127553,0.012793744104324834
修正前,Q18,做多,Tag,0.5466297932241643,0.5639455630621961,83376,-0.01361843105405569,-0.007154857972636819,-0.004970824578776956,-0.0021187346428632736,0.00011066641309298575,0.0024500140571035445,0.00559498555958271,0.008059423416852951,0.014833634719252586,0.00025250130101569525,0.005487378824506314,0.5104106697370946,0.48245298407215503,0.007136346190750336,-0.011606829530769693,0.013234166481167356
修正前,Q18,做多,策略收益,0.5466297932241643,0.5639455630621961,83376,-0.01361843105405569,-0.007154857972636819,-0.004970824578776956,-0.0021187346428632736,0.00011066641309298575,0.0024500140571035445,0.00559498555958271,0.008059423416852951,0.014833634719252586,0.00025250130101569525,0.005487378824506314,0.5104106697370946,0.48245298407215503,0.007136346190750336,-0.011606829530769693,0.013234166481167356
修正前,Q19,做多,Tag,0.5639457040665181,0.5927150653352384,83376,-0.014798294752836227,-0.0075377695029601455,-0.0052432294469326735,-0.0021972618415020406,0.00021770288731204346,0.002865331480279565,0.006370590766891837,0.009074734058231115,0.01810157811269164,0.0004916923925431956,0.006273071214806799,0.5235199577816159,0.47105881788524273,0.005421224333141432,-0.012450649924433312,0.015726812012515055
修正前,Q19,做多,策略收益,0.5639457040665181,0.5927150653352384,83376,-0.014798294752836227,-0.0075377695029601455,-0.0052432294469326735,-0.0021972618415020406,0.00021770288731204346,0.002865331480279565,0.006370590766891837,0.009074734058231115,0.01810157811269164,0.0004916923925431956,0.006273071214806799,0.5235199577816159,0.47105881788524273,0.005421224333141432,-0.012450649924433312,0.015726812012515055
修正前,Q20,做多,Tag,0.592715135448147,0.7937331679063075,83376,-0.017985820770263672,-0.009115436812862754,-0.005925099132582545,-0.00213410280412063,0.0008076535013969988,0.004554948885925114,0.009648244362324476,0.013804160291329026,0.0309236915782094,0.001632216920557201,0.008936826281675978,0.5725508539627711,0.42272356553444634,0.004725580502782575,-0.014951656146734974,0.024958449030734204
修正前,Q20,做多,策略收益,0.592715135448147,0.7937331679063075,83376,-0.017985820770263672,-0.009115436812862754,-0.005925099132582545,-0.00213410280412063,0.0008076535013969988,0.004554948885925114,0.009648244362324476,0.013804160291329026,0.0309236915782094,0.001632216920557201,0.008936826281675978,0.5725508539627711,0.42272356553444634,0.004725580502782575,-0.014951656146734974,0.024958449030734204
时序加减修正后,Q01,做空,Tag,0.22385771089431156,0.4110457570062306,83376,-0.014201226644217968,-0.007749129203148186,-0.005427015712484717,-0.0025932486169040203,-0.00034372972731944174,0.0018946350319311023,0.004658641526475549,0.00698278599884361,0.013745062286034226,-0.0003402129827137178,0.0052306732913605224,0.4497337363270006,0.5410549798503166,0.009211283822682787,-0.012299223440864813,0.01197472720838767
时序加减修正后,Q01,做空,策略收益,0.22385771089431156,0.4110457570062306,83376,-0.013745062286034226,-0.00698278599884361,-0.004658641526475549,-0.0018946350319311023,0.00034372972731944174,0.0025932486169040203,0.005427015712484717,0.007749129203148186,0.014201226644217968,0.0003402129827137178,0.0052306732913605224,0.5410549798503166,0.4497337363270006,0.009211283822682787,-0.01197472720838767,0.012299223440864813
时序加减修正后,Q02,做空,Tag,0.41104604935235617,0.4277024817633547,83376,-0.01218599290587008,-0.006725719198584557,-0.004739671945571899,-0.0022318947012536228,-0.00021734405891038477,0.0018051046354230493,0.0044414636213332415,0.0066878682700917125,0.012743992730975151,-0.0001490866259970146,0.004649912496146901,0.46556563039723664,0.5267942813279601,0.0076400882748033005,-0.010525659140861558,0.011005421371048848
时序加减修正后,Q02,做空,策略收益,0.41104604935235617,0.4277024817633547,83376,-0.012743992730975151,-0.0066878682700917125,-0.0044414636213332415,-0.0018051046354230493,0.00021734405891038477,0.0022318947012536228,0.004739671945571899,0.006725719198584557,0.01218599290587008,0.0001490866259970146,0.004649912496146901,0.5267942813279601,0.46556563039723664,0.0076400882748033005,-0.011005421371048848,0.010525659140861558
时序加减修正后,Q03,做空,Tag,0.4277024966146372,0.43876257187958917,83376,-0.011441607726737857,-0.0064519449369981885,-0.004492279374971986,-0.0020711086690425873,-0.00015224175876937807,0.001818236371036619,0.004361831117421389,0.006642300169914961,0.012885407311841846,-0.00006200406900893437,0.004399548642586388,0.4733976204183458,0.5183625983496449,0.008239781232009212,-0.00990239121290145,0.010697107660901593
时序加减修正后,Q03,做空,策略收益,0.4277024966146372,0.43876257187958917,83376,-0.012885407311841846,-0.006642300169914961,-0.004361831117421389,-0.001818236371036619,0.00015224175876937807,0.0020711086690425873,0.004492279374971986,0.0064519449369981885,0.011441607726737857,0.00006200406900893437,0.004399548642586388,0.5183625983496449,0.4733976204183458,0.008239781232009212,-0.010697107660901593,0.00990239121290145
时序加减修正后,Q04,做空,Tag,0.43876268985001005,0.44753611075935523,83376,-0.011073268949985504,-0.006239774520508945,-0.004273597151041031,-0.001957169675733894,-0.00007605141945532523,0.0018181396008003503,0.004362253239378333,0.006634096964262426,0.012700095307081938,0.000012664459449609,0.004344955597946114,0.48324457877566684,0.5084796584148916,0.008275762809441567,-0.009671774491333553,0.010670193648499696
时序加减修正后,Q04,做空,策略收益,0.43876268985001005,0.44753611075935523,83376,-0.012700095307081938,-0.006634096964262426,-0.004362253239378333,-0.0018181396008003503,0.00007605141945532523,0.001957169675733894,0.004273597151041031,0.006239774520508945,0.011073268949985504,-0.000012664459449609,0.004344955597946114,0.5084796584148916,0.48324457877566684,0.008275762809441567,-0.010670193648499696,0.009671774491333553
时序加减修正后,Q05,做空,Tag,0.4475363890601203,0.4551631457183927,83376,-0.01087583671323955,-0.00613509037066251,-0.004182994831353426,-0.0019253315986134112,-0.00006759953976143152,0.001793561619706452,0.0043010590597987175,0.006553078186698258,0.012533474713563919,0.000022640996930354634,0.0043099122579342555,0.48547543657647285,0.5058290155440415,0.008695547879485703,-0.00949673385677234,0.010512321938564663
时序加减修正后,Q05,做空,策略收益,0.4475363890601203,0.4551631457183927,83376,-0.012533474713563919,-0.006553078186698258,-0.0043010590597987175,-0.001793561619706452,0.00006759953976143152,0.0019253315986134112,0.004182994831353426,0.00613509037066251,0.01087583671323955,-0.000022640996930354634,0.0043099122579342555,0.5058290155440415,0.48547543657647285,0.008695547879485703,-0.010512321938564663,0.00949673385677234
时序加减修正后,Q06,做空,Tag,0.4551632249705363,0.46206084342881726,83376,-0.010681202867999673,-0.005947820493020117,-0.004125223029404879,-0.001899738737847656,-0.00006826757089584135,0.0017850506992544979,0.0042485089506953955,0.006536106346175075,0.012638257117941976,0.000051786532150041496,0.004385162854391102,0.48525954711187874,0.5062488006140856,0.008491652274035694,-0.009315521334887488,0.01079229505374781
时序加减修正后,Q06,做空,策略收益,0.4551632249705363,0.46206084342881726,83376,-0.012638257117941976,-0.006536106346175075,-0.0042485089506953955,-0.0017850506992544979,0.00006826757089584135,0.001899738737847656,0.004125223029404879,0.005947820493020117,0.010681202867999673,-0.000051786532150041496,0.004385162854391102,0.5062488006140856,0.48525954711187874,0.008491652274035694,-0.01079229505374781,0.009315521334887488
时序加减修正后,Q07,做空,Tag,0.46206085631609456,0.4685467670230691,83376,-0.010952601442113519,-0.00594767217990011,-0.004155704751610756,-0.0018892332154791802,-0.00004585473288898356,0.001799578487407416,0.004274321487173438,0.0064986193319782615,0.012346852105110884,0.00004398853137720301,0.0043958114801183786,0.4893374592208789,0.5024107656879677,0.008251775091153329,-0.009549193034200081,0.010550939625419068
时序加减修正后,Q07,做空,策略收益,0.46206085631609456,0.4685467670230691,83376,-0.012346852105110884,-0.0064986193319782615,-0.004274321487173438,-0.001799578487407416,0.00004585473288898356,0.0018892332154791802,0.004155704751610756,0.00594767217990011,0.010952601442113519,-0.00004398853137720301,0.0043958114801183786,0.5024107656879677,0.4893374592208789,0.008251775091153329,-0.010550939625419068,0.009549193034200081
时序加减修正后,Q08,做空,Tag,0.46854692233251466,0.4747793114513228,83376,-0.010518979281187057,-0.0059207703452557325,-0.00415721838362515,-0.0018936464039143175,-0.000050243052100995556,0.0018277593480888754,0.004306032555177808,0.006482289987616241,0.01244322769343853,0.00006139052974569588,0.0044823107418515236,0.48864181539052004,0.5028665323354442,0.008491652274035694,-0.009467031351545533,0.010721097558555407
时序加减修正后,Q08,做空,策略收益,0.46854692233251466,0.4747793114513228,83376,-0.01244322769343853,-0.006482289987616241,-0.004306032555177808,-0.0018277593480888754,0.000050243052100995556,0.0018936464039143175,0.00415721838362515,0.0059207703452557325,0.010518979281187057,-0.00006139052974569588,0.0044823107418515236,0.5028665323354442,0.48864181539052004,0.008491652274035694,-0.010721097558555407,0.009467031351545533
时序加减修正后,Q09,做空,Tag,0.4747793481873747,0.4809059694522108,83376,-0.010832348139956594,-0.005994837731122971,-0.0042117435950785875,-0.0019241101981606334,-0.00004806610922969412,0.0018417105893604457,0.004283194663003087,0.006461885059252381,0.012318159220740199,0.000028266314345637265,0.0044318464888545815,0.48924150834772595,0.502326808673959,0.008431682978315102,-0.00967244180942499,0.010516188791793302
时序加减修正后,Q09,做空,策略收益,0.4747793481873747,0.4809059694522108,83376,-0.012318159220740199,-0.006461885059252381,-0.004283194663003087,-0.0018417105893604457,0.00004806610922969412,0.0019241101981606334,0.0042117435950785875,0.005994837731122971,0.010832348139956594,-0.000028266314345637265,0.0044318464888545815,0.502326808673959,0.48924150834772595,0.008431682978315102,-0.010516188791793302,0.00967244180942499
时序加减修正后,Q10,做空,Tag,0.48090598522094175,0.4870437117987093,83376,-0.010780363576486707,-0.005990513134747744,-0.0041781021282076836,-0.0018747694557532668,0.0,0.0018560905009508133,0.004304374568164349,0.0064368173480033875,0.012453571893274784,0.00005379706237412237,0.004511043175097412,0.49190414507772023,0.4996761658031088,0.008419689119170985,-0.009661511252559391,0.010637495349190144
时序加减修正后,Q10,做空,策略收益,0.48090598522094175,0.4870437117987093,83376,-0.012453571893274784,-0.0064368173480033875,-0.004304374568164349,-0.0018560905009508133,-0.0,0.0018747694557532668,0.0041781021282076836,0.005990513134747744,0.010780363576486707,-0.00005379706237412237,0.004511043175097412,0.4996761658031088,0.49190414507772023,0.008419689119170985,-0.010637495349190144,0.009661511252559391
时序加减修正后,Q11,做多,Tag,0.487043790281737,0.49325424335412366,83376,-0.010890522738918662,-0.0060468921437859535,-0.004229110665619373,-0.0019089933193754405,0.0,0.0018895134853664786,0.004394416231662035,0.006508428486995399,0.012561047216877341,0.00005979910574882169,0.004467819564076621,0.4943388984839762,0.4970974860871234,0.008563615428900403,-0.009736757222732807,0.01059910770336782
时序加减修正后,Q11,做多,策略收益,0.487043790281737,0.49325424335412366,83376,-0.010890522738918662,-0.0060468921437859535,-0.004229110665619373,-0.0019089933193754405,0.0,0.0018895134853664786,0.004394416231662035,0.006508428486995399,0.012561047216877341,0.00005979910574882169,0.004467819564076621,0.4943388984839762,0.4970974860871234,0.008563615428900403,-0.009736757222732807,0.01059910770336782
时序加减修正后,Q12,做多,Tag,0.49325425131984313,0.4998003480715802,83376,-0.010945850051939487,-0.006169487489387393,-0.004299994558095932,-0.0019307385082356632,0.0,0.001914878113893792,0.004350860603153706,0.0065130096627399325,0.012569338083267212,0.00005066343083945027,0.004637795564583531,0.494015064287085,0.4973973325657263,0.008587603147188639,-0.009970068841664181,0.010821884324424314
时序加减修正后,Q12,做多,策略收益,0.49325425131984313,0.4998003480715802,83376,-0.010945850051939487,-0.006169487489387393,-0.004299994558095932,-0.0019307385082356632,0.0,0.001914878113893792,0.004350860603153706,0.0065130096627399325,0.012569338083267212,0.00005066343083945027,0.004637795564583531,0.494015064287085,0.4973973325657263,0.008587603147188639,-0.009970068841664181,0.010821884324424314
时序加减修正后,Q13,做多,Tag,0.49980052750313053,0.5067658534790203,83376,-0.011117140762507915,-0.006184001569636166,-0.004302953602746129,-0.0019091402646154165,0.0,0.0019466133089736104,0.004498902941122651,0.0065446775406599045,0.012845966732129455,0.0000612910357747576,0.004714936807705453,0.49971214738054115,0.4923599117251967,0.007927940894262138,-0.010304712575030866,0.010757931810485377
时序加减修正后,Q13,做多,策略收益,0.49980052750313053,0.5067658534790203,83376,-0.011117140762507915,-0.006184001569636166,-0.004302953602746129,-0.0019091402646154165,0.0,0.0019466133089736104,0.004498902941122651,0.0065446775406599045,0.012845966732129455,0.0000612910357747576,0.004714936807705453,0.49971214738054115,0.4923599117251967,0.007927940894262138,-0.010304712575030866,0.010757931810485377
时序加减修正后,Q14,做多,Tag,0.5067658580177825,0.5143438916544012,83376,-0.011332799214869738,-0.006357457023113966,-0.004319946281611919,-0.0019082924991380423,0.000033345069823553786,0.001997751125600189,0.004537124186754227,0.006694243988022208,0.013198919594287872,0.00008755122341892793,0.0046680603881020105,0.5008755517175206,0.4910285933601996,0.008095854922279792,-0.01031497234787321,0.01105814083950926
时序加减修正后,Q14,做多,策略收益,0.5067658580177825,0.5143438916544012,83376,-0.011332799214869738,-0.006357457023113966,-0.004319946281611919,-0.0019082924991380423,0.000033345069823553786,0.001997751125600189,0.004537124186754227,0.006694243988022208,0.013198919594287872,0.00008755122341892793,0.0046680603881020105,0.5008755517175206,0.4910285933601996,0.008095854922279792,-0.01031497234787321,0.01105814083950926
时序加减修正后,Q15,做多,Tag,0.5143440474381707,0.5228020340698869,83376,-0.01123220007866621,-0.00642971764318645,-0.0044329967349767685,-0.0019501425267662853,0.0,0.002001474378630519,0.0046382269356399775,0.006876656203530729,0.013668482890352607,0.00009620789960636169,0.004718468605174167,0.4988246018038764,0.49258779504893496,0.008587603147188639,-0.01026092747569935,0.011364326238432042
时序加减修正后,Q15,做多,策略收益,0.5143440474381707,0.5228020340698869,83376,-0.01123220007866621,-0.00642971764318645,-0.0044329967349767685,-0.0019501425267662853,0.0,0.002001474378630519,0.0046382269356399775,0.006876656203530729,0.013668482890352607,0.00009620789960636169,0.004718468605174167,0.4988246018038764,0.49258779504893496,0.008587603147188639,-0.01026092747569935,0.011364326238432042
时序加减修正后,Q16,做多,Tag,0.5228021293201575,0.5327884198565129,83376,-0.011783769587054849,-0.006567331496626139,-0.004568940261378884,-0.00200529646826908,0.0,0.002088043256662786,0.004838194698095322,0.007212138385511935,0.014237622730433941,0.00012291998226304614,0.0048192413784853535,0.4993523316062176,0.49274371521780846,0.007903953175973902,-0.01046985893808064,0.011801740184000075
时序加减修正后,Q16,做多,策略收益,0.5228021293201575,0.5327884198565129,83376,-0.011783769587054849,-0.006567331496626139,-0.004568940261378884,-0.00200529646826908,0.0,0.002088043256662786,0.004838194698095322,0.007212138385511935,0.014237622730433941,0.00012291998226304614,0.0048192413784853535,0.4993523316062176,0.49274371521780846,0.007903953175973902,-0.01046985893808064,0.011801740184000075
时序加减修正后,Q17,做多,Tag,0.5327884885755846,0.5451671055710292,83376,-0.012373045086860657,-0.006850165664218366,-0.004788916790857911,-0.0020481188548728824,0.00006562977068824694,0.0021964259212836623,0.005064966389909387,0.007505784626118839,0.01442728633992374,0.00016501962833325836,0.00502797382608907,0.504461715601612,0.48767031279984646,0.007867971598541548,-0.010764519970740745,0.01233148076809437
时序加减修正后,Q17,做多,策略收益,0.5327884885755846,0.5451671055710292,83376,-0.012373045086860657,-0.006850165664218366,-0.004788916790857911,-0.0020481188548728824,0.00006562977068824694,0.0021964259212836623,0.005064966389909387,0.007505784626118839,0.01442728633992374,0.00016501962833325836,0.00502797382608907,0.504461715601612,0.48767031279984646,0.007867971598541548,-0.010764519970740745,0.01233148076809437
时序加减修正后,Q18,做多,Tag,0.5451672036788208,0.5621142295393644,83376,-0.013541470747441053,-0.007103743380866945,-0.004927059635519981,-0.0021297798957675695,0.00008278489258373156,0.002328703470993787,0.005526156863197684,0.008110652910545468,0.015404532896354795,0.00023083463013054404,0.005573415078300319,0.507004413740165,0.48599117251966995,0.007004413740165035,-0.011640558206706588,0.013534158335998208
时序加减修正后,Q18,做多,策略收益,0.5451672036788208,0.5621142295393644,83376,-0.013541470747441053,-0.007103743380866945,-0.004927059635519981,-0.0021297798957675695,0.00008278489258373156,0.002328703470993787,0.005526156863197684,0.008110652910545468,0.015404532896354795,0.00023083463013054404,0.005573415078300319,0.507004413740165,0.48599117251966995,0.007004413740165035,-0.011640558206706588,0.013534158335998208
时序加减修正后,Q19,做多,Tag,0.5621143496165634,0.5904650718415501,83376,-0.014782195445150137,-0.007660316652618349,-0.0052819326519966125,-0.002246656804345548,0.00014574497618013993,0.0027172471745871007,0.006337681319564581,0.009248137939721346,0.018351498991250992,0.0004321918416747997,0.006352992279712971,0.5142966800997889,0.4796584148915755,0.006044905008635579,-0.012638758693621346,0.016023884794339055
时序加减修正后,Q19,做多,策略收益,0.5621143496165634,0.5904650718415501,83376,-0.014782195445150137,-0.007660316652618349,-0.0052819326519966125,-0.002246656804345548,0.00014574497618013993,0.0027172471745871007,0.006337681319564581,0.009248137939721346,0.018351498991250992,0.0004321918416747997,0.006352992279712971,0.5142966800997889,0.4796584148915755,0.006044905008635579,-0.012638758693621346,0.016023884794339055
时序加减修正后,Q20,做多,Tag,0.5904651192305234,0.7938003850523435,83376,-0.017879603430628777,-0.008955740369856358,-0.005862888414412737,-0.002128299849573523,0.0007412074774038047,0.004515565931797028,0.009671940002590418,0.013822104083374143,0.03174998704344034,0.0016656161814426634,0.009095655766845153,0.5670816541930531,0.42785693724812895,0.005061408558817885,-0.014748973608629956,0.02572448981372279
时序加减修正后,Q20,做多,策略收益,0.5904651192305234,0.7938003850523435,83376,-0.017879603430628777,-0.008955740369856358,-0.005862888414412737,-0.002128299849573523,0.0007412074774038047,0.004515565931797028,0.009671940002590418,0.013822104083374143,0.03174998704344034,0.0016656161814426634,0.009095655766845153,0.5670816541930531,0.42785693724812895,0.005061408558817885,-0.014748973608629956,0.02572448981372279
