Month,样本量,交易日数,测试样本占比,慢速基准中位数,近期中心中位数,加减修正值中位数,原始P10,原始P25,原始P50,原始P75,原始P90,修正P10,修正P25,修正P50,修正P75,修正P90,原始相对基准偏移,修正后相对基准偏移,原始做空占比,修正后做空占比,实际负类占比
2024-02,43200,15,0.0,0.49070760837342164,0.5020736455685146,0.013106242302445892,0.4346083357885783,0.46714001294887675,0.5056519098137706,0.5494654691031551,0.599826639805363,0.4194709906145352,0.4547563700391535,0.4944281189998869,0.5388568720782274,0.5886741237258684,0.0153278921176489,0.004075118797666588,0.39729166666666665,0.47375,0.45340277777777777
2024-03,60480,21,0.0,0.4915603490444336,0.4854096290774356,-0.005339885801316502,0.43368636950344125,0.4584148541248691,0.4860103801201355,0.5188259014882083,0.5587640462000476,0.4353458579230407,0.46078819111858743,0.48855212512995766,0.5205479755282749,0.5584884328713176,-0.005372221687480139,-0.002747418509978866,0.5501157407407408,0.5253306878306878,0.4847222222222222
2024-04,57600,20,0.0,0.49070760837342164,0.4902071826911979,0.00007597405929463119,0.43159251828760786,0.4576572138391758,0.4901918306481735,0.5293739033216536,0.5754650988822951,0.43388202808801557,0.4599298090664766,0.49381079501310937,0.5332278662477095,0.578692813888068,-0.00042325121993175285,0.003223901412255814,0.5033854166666667,0.4755729166666667,0.5009027777777778
2024-05,57600,20,0.0,0.48965871901183444,0.48179010582519455,-0.008150369295193999,0.43065067900898923,0.4537425596546763,0.4810674985485427,0.5128598468757921,0.5526399062171381,0.4327603955928543,0.459131353794626,0.4875840610545576,0.5185165799485042,0.557317462741012,-0.00867411188608097,-0.002088684609955538,0.5781076388888889,0.5196180555555555,0.5321354166666666
2024-06,54720,19,0.0,0.4887156439108456,0.47878280941392537,-0.009704068117832032,0.4360606457247297,0.45774993300687045,0.48168791905750474,0.509296591134218,0.540917464667686,0.44198386498440817,0.46339852526316994,0.4880416855176953,0.5163246386040601,0.5474314036466821,-0.006888885287713475,-0.0004890764643649681,0.5695540935672515,0.5052266081871345,0.5490862573099415
2024-07,66240,23,0.0,0.4874504977794575,0.4858625469276538,-0.0016363408697710469,0.4276277603694329,0.45321004711767154,0.48438294404326654,0.5187835106650946,0.5519778937212221,0.4311299520748363,0.457112126531064,0.4894227279380558,0.5241216403457656,0.5573723254322807,-0.003155837622785762,0.001878519962965397,0.52487922705314,0.4848278985507246,0.5204106280193237
2024-08,63360,22,0.0,0.4873633976308948,0.4716048839355219,-0.015110974974741537,0.42159993064770757,0.44675309448643774,0.4763944222020006,0.5082969738317895,0.5460539597750798,0.42974785034852175,0.45458039889494334,0.4861434702047024,0.5213142942956294,0.5541794490991112,-0.010662985998583369,-0.0008534734911348485,0.5911616161616161,0.5067708333333333,0.5527462121212121
2024-09,54720,19,0.0,0.4858844400051348,0.4769217349251265,-0.00946288099360898,0.42261455590254493,0.44635984107188487,0.4752876904071191,0.5106249620334119,0.5514644426699851,0.4246930698514963,0.4507470668848264,0.4825618208884487,0.5174022555197844,0.5551080381385348,-0.010472266792759671,-0.0030681060539114735,0.5864766081871345,0.5242324561403509,0.49619883040935675
2024-10,51840,18,0.0,0.48406360993737096,0.4780410790472105,-0.0064041343219405356,0.4124693287949958,0.44399511468947883,0.4838725549278596,0.5319726464270486,0.59396994547651,0.4144620091908076,0.4459316007602954,0.48739706341218525,0.5371876060408448,0.5972185266481019,-0.00034602750376247493,0.00325152506410481,0.5021797839506172,0.4810570987654321,0.5350308641975309
2024-11,60480,21,0.0,0.48561831184165993,0.4929646622156857,0.008153798813541169,0.4301718357200721,0.4597503863845649,0.496250799363694,0.5372529662108435,0.579965055626841,0.42064025719061887,0.45279781542489805,0.48995670673365666,0.5283670972285757,0.5676167829920405,0.010939540398825331,0.00460087435407372,0.42508267195767196,0.4676421957671958,0.5148809523809523
2024-12,63360,22,0.0,0.4857141156509496,0.4869183331810846,0.0011802045765639257,0.4296560071064536,0.45569757506452113,0.48852059006895454,0.5264408627215565,0.5668958734868916,0.4298206143172676,0.45560023540810385,0.4888617467546549,0.5252248078967385,0.5618021270132044,0.002890363460219203,0.003249772403546125,0.4783617424242424,0.4750631313131313,0.5321969696969697
2025-01,51840,18,0.0,0.4854793038399053,0.4876663763090238,0.0021198553230825645,0.4323190992772254,0.4564556208241929,0.4846263511869918,0.5195315948801829,0.5669782508251675,0.4180424879605542,0.4484838686913713,0.4805223193741782,0.5147308316127401,0.5550229815733063,-0.0008311514047804058,-0.004924468052887349,0.5072337962962963,0.541454475308642,0.5489197530864197
2025-02,51840,18,0.0,0.4860387873512664,0.4987762606577973,0.012241374053301585,0.45007569955367926,0.4739407975564737,0.5034492670567402,0.5372811667617803,0.5757765331226781,0.43426433953086857,0.4590997691502276,0.488777714027747,0.5221194293941447,0.5618005076626277,0.017358472959757593,0.0027320657912407453,0.3490354938271605,0.4755787037037037,0.4615740740740741
2025-03,60480,21,0.0,0.48666865646484614,0.4805388737192808,-0.005872535883025054,0.4282295949992585,0.4513386696403676,0.48118391821658046,0.5171227496829712,0.557237809516269,0.42974471398753805,0.45472066112252224,0.48481689466913525,0.5202506400490369,0.5600227076585501,-0.005353460374650343,-0.0017807062076014846,0.5429232804232804,0.5138888888888888,0.5247519841269841
2025-04,60480,21,0.0,0.4862086253103415,0.4896416502806924,0.003152730674190196,0.4327555981001142,0.45926954970464656,0.49024856668682676,0.5291778504763187,0.563665154262976,0.4224033111924482,0.4528318183114325,0.48664442368637795,0.5241778931343576,0.5586328634399982,0.003965668356758212,0.0003618113207888851,0.46822089947089945,0.49699074074074073,0.49330357142857145
2025-05,54720,19,0.0,0.48607604762371415,0.48001606213106157,-0.00583085398469968,0.4276008045223685,0.4522528192927809,0.48031802945424695,0.5096337749386923,0.5415039255189195,0.43494217389088824,0.45932725119301543,0.48824254631156877,0.5182186928265772,0.5511799641751881,-0.005784574642397178,0.002112326629605865,0.5562865497076024,0.4801169590643275,0.47560307017543857
2025-06,57600,20,0.0,0.48597130658830456,0.489688560091788,0.0036651466027045054,0.4384477882972911,0.46227970729033857,0.48794048606208185,0.5184941747625808,0.5510672577833758,0.43278299776247,0.4587609390663106,0.4855756588140345,0.5140299485258389,0.5474324995293323,0.001942805056350333,-0.0004065694570309919,0.4809027777777778,0.50375,0.4628125
2025-07,66240,23,0.0,0.48597130658830456,0.48601400931666167,5.706072835121034e-6,0.4348339901412228,0.45766371530367295,0.4881576052783386,0.5211899191580185,0.5519453630359304,0.43080473454639906,0.4549763707626514,0.48587319149931085,0.5208597413418078,0.5530635946836024,0.002224435433975075,-0.00005587120780919941,0.48079710144927534,0.5004830917874397,0.44539553140096616
2025-08,60480,21,0.0,0.48626668245207333,0.5009841204927032,0.014650220894593946,0.43206090775119305,0.46407078753947256,0.4985752317751506,0.532388804637927,0.5683855374177849,0.4208613073401988,0.45067706324573176,0.48366557994335085,0.5204379267183155,0.559700946032289,0.012434964248029201,-0.0025123265679096174,0.40201719576719575,0.5205687830687831,0.4196924603174603
2025-09,63360,22,0.0,0.48666865646484614,0.4836821598016201,-0.002919565098998711,0.424074488347895,0.4503783822503874,0.480825215830196,0.5198457005363913,0.5629767198556765,0.4211073521529452,0.451535164157865,0.48373609529524,0.5237644256516522,0.5658646862448402,-0.005816460083580083,-0.00290990466872032,0.5432765151515152,0.521054292929293,0.47607323232323234
2025-10,48960,17,0.0,0.4861505681686097,0.47179741342196335,-0.014345851347786764,0.41612402707422796,0.4441774407104878,0.47816327899962285,0.5183774538322168,0.5630063818558213,0.42182372929656153,0.45106097567776293,0.4885856333032188,0.5276819927956892,0.5704385234682338,-0.007922148440064725,0.0024469947129250047,0.5592116013071895,0.482046568627451,0.506454248366013
2025-11,57600,20,0.0,0.48607604762371415,0.49436610939217357,0.008131734294325621,0.43135605712872005,0.45889892495873424,0.4913087363343204,0.521603406000595,0.5537411649457715,0.4316319467788756,0.45560752118178216,0.4848695899982638,0.5180911164158711,0.5561499493473385,0.005216215903263627,-0.0012297940662319984,0.45491319444444445,0.5111979166666667,0.508125
2025-12,66240,23,0.0,0.4860015270788186,0.4903711030310697,0.004302358806215101,0.43508971173587874,0.4599851248215024,0.4893689906239296,0.5265359387476926,0.5743516156773097,0.4292639847631341,0.45498630838641885,0.48583080997618194,0.5256224605389123,0.5730499313050628,0.0033351169165543038,-0.00017672673987501053,0.4708635265700483,0.5014341787439613,0.48603562801932365
2026-01,57600,20,0.0,0.48642170246046623,0.5007928324055622,0.01422978621305604,0.4427372319804951,0.46776402653263105,0.49781047013701335,0.5358208737062862,0.578798412459763,0.42685869795737347,0.4538954174598797,0.4852068896918822,0.5205533519319514,0.5597186810409686,0.011279939755358959,-0.001286041287998252,0.40694444444444444,0.5104340277777778,0.4630034722222222
2026-02,40320,14,0.0,0.48691602067241563,0.5048980785575083,0.017856833085806767,0.44563940832533283,0.4713095739517886,0.5016972324907826,0.5366338384716871,0.5775696392719728,0.4315299957861375,0.4586955890465323,0.48971980477403754,0.5266871591302512,0.5692967098018255,0.014788344374929319,0.002806641545399141,0.37428075396825394,0.4769097222222222,0.5104662698412699
2026-03,63360,22,0.0,0.48702202828831237,0.4807561304296074,-0.0062986634171061096,0.41926373035850034,0.44796829572852254,0.4803205172594328,0.5177310907137281,0.5632824010821039,0.42722070431916886,0.45497886759022416,0.4858136384865521,0.5241733691275466,0.5718249476225876,-0.006693372664095282,-0.0012246957019348137,0.5502209595959596,0.5087121212121212,0.5445075757575758
2026-04,60480,21,1.0,0.48691615740681216,0.48956453397688304,0.0025269659239869346,0.4345094227360701,0.46213159330703,0.4938702776685018,0.5290275802998506,0.5649368522880299,0.4231525631424967,0.45368077904208476,0.48704472166081325,0.5222171339641571,0.5565619233365985,0.006940219540521292,0.00011523024724063857,0.44173280423280425,0.49915674603174603,0.47129629629629627
2026-05,51840,18,1.0,0.48700480249449496,0.4910976268450019,0.0039680821227290886,0.42802218951482135,0.45355135108831757,0.48463156820840647,0.5197988936823291,0.5543946788076763,0.42727036918781136,0.4539361814207506,0.4864154311969524,0.522021793484091,0.556603138411947,-0.002386925796417,-0.0006046693151833815,0.5202932098765433,0.5051118827160493,0.48508873456790125
2026-06,60480,21,1.0,0.48694325415683615,0.4898813604162645,0.002870889113392394,0.4245542334868692,0.4571017893865537,0.4932337730838182,0.5314736503913671,0.5700289182820004,0.4181758165030503,0.4525982628108686,0.49005821924131043,0.5289074441894001,0.5694370179505578,0.006292394791512973,0.003106750459802826,0.4555390211640212,0.4773148148148148,0.48364748677248676
