版本,档位,方向,分数下界,分数上界,样本量,平均策略收益,胜率,平均盈亏比
修正前,Q01,做空,0.25140076862855704,0.4142687198903117,83376,0.00028370861304021107,0.5401554404145078,0.9934169662462937
修正前,Q02,做空,0.4142688782761658,0.4299265085860603,83376,0.00011322619851527009,0.5281975628478219,0.9466414271222009
修正前,Q03,做空,0.42992681254164783,0.44051666382852644,83376,0.00005932047673805881,0.5185904816733832,0.9495093353284138
修正前,Q04,做空,0.4405166708015235,0.4490527872895034,83376,0.000020415080093084275,0.5156999616196507,0.9354999500767893
修正前,Q05,做空,0.4490529151205473,0.4563823298604326,83376,-0.00003163592487698048,0.5069564383035886,0.933723617388687
修正前,Q06,做空,0.45638238450034885,0.46312197561513024,83376,-0.00003533605592610575,0.5040779121090002,0.9421014304917631
修正前,Q07,做空,0.463122130969652,0.4694272644392596,83376,-0.000025500499188011202,0.5049414699673767,0.9461068822198223
修正前,Q08,做空,0.46942735012880393,0.47550460709033787,83376,-0.000023623416238947024,0.5054332181922856,0.9457743165438267
修正前,Q09,做空,0.4755047577652209,0.48154718782645034,83376,-0.00004767528053510561,0.5029504893494531,0.9386080702129216
修正前,Q10,做空,0.4815473574488202,0.4876832017959059,83376,-0.000013758174910401092,0.503034446363462,0.9624422165866485
修正前,Q11,做多,0.48768338511811354,0.49395303691715375,83376,5.371177805166367e-6,0.49021301093839953,1.0273282768398644
修正前,Q12,做多,0.49395304871959544,0.5005331928873294,83376,0.00004150419520864898,0.49442285549798504,1.0343888327661543
修正前,Q13,做多,0.5005332291356933,0.5075048826743135,83376,0.0000608710880855647,0.4931874880061409,1.0540490271677503
修正前,Q14,做多,0.5075051540327663,0.5151398472126816,83376,0.0000744497715564474,0.49910046056419116,1.039197780204974
修正前,Q15,做多,0.5151398785769045,0.5237541150913941,83376,0.00008426513133890017,0.4991844175782,1.0438168834415011
修正前,Q16,做多,0.5237542808368829,0.5339071383941891,83376,0.0001546898128363237,0.5055531567837267,1.0625307270365971
修正前,Q17,做多,0.5339071775642334,0.5466295172660992,83376,0.00019690493364955784,0.5088754557666475,1.0712129618062234
修正前,Q18,做多,0.5466297932241643,0.5639455630621961,83376,0.00025250130101569525,0.5104106697370946,1.0939083636700835
修正前,Q19,做多,0.5639457040665181,0.5927150653352384,83376,0.0004916923925431956,0.5235199577816159,1.1628737700797211
修正前,Q20,做多,0.592715135448147,0.7937331679063075,83376,0.001632216920557201,0.5725508539627711,1.3922190411022488
时序加减修正后,Q01,做空,0.22385771089431156,0.4110457570062306,83376,0.0003402129827137178,0.5410549798503166,1.0174059841614145
时序加减修正后,Q02,做空,0.41104604935235617,0.4277024817633547,83376,0.0001490866259970146,0.5267942813279601,0.9752371948112908
时序加减修正后,Q03,做空,0.4277024966146372,0.43876257187958917,83376,0.00006200406900893437,0.5183625983496449,0.9530178354852875
时序加减修正后,Q04,做空,0.43876268985001005,0.44753611075935523,83376,-0.000012664459449609,0.5084796584148916,0.9419398759475636
时序加减修正后,Q05,做空,0.4475363890601203,0.4551631457183927,83376,-0.000022640996930354634,0.5058290155440415,0.9443584463738292
时序加减修正后,Q06,做空,0.4551632249705363,0.46206084342881726,83376,-0.000051786532150041496,0.5062488006140856,0.9235350945937266
时序加减修正后,Q07,做空,0.46206085631609456,0.4685467670230691,83376,-0.00004398853137720301,0.5024107656879677,0.9437284047534282
时序加减修正后,Q08,做空,0.46854692233251466,0.4747793114513228,83376,-0.00006139052974569588,0.5028665323354442,0.9300613554029897
时序加减修正后,Q09,做空,0.4747793481873747,0.4809059694522108,83376,-0.000028266314345637265,0.502326808673959,0.9545625690162142
时序加减修正后,Q10,做空,0.48090598522094175,0.4870437117987093,83376,-0.00005379706237412237,0.4996761658031088,0.9474935266892717
时序加减修正后,Q11,做多,0.487043790281737,0.49325424335412366,83376,0.00005979910574882169,0.4943388984839762,1.0487639974597889
时序加减修正后,Q12,做多,0.49325425131984313,0.4998003480715802,83376,0.00005066343083945027,0.494015064287085,1.042892093260041
时序加减修正后,Q13,做多,0.49980052750313053,0.5067658534790203,83376,0.0000612910357747576,0.49971214738054115,1.0276854086525964
时序加减修正后,Q14,做多,0.5067658580177825,0.5143438916544012,83376,0.00008755122341892793,0.5008755517175206,1.0403023281021129
时序加减修正后,Q15,做多,0.5143440474381707,0.5228020340698869,83376,0.00009620789960636169,0.4988246018038764,1.0531074855013163
时序加减修正后,Q16,做多,0.5228021293201575,0.5327884198565129,83376,0.00012291998226304614,0.4993523316062176,1.0684726360977344
时序加减修正后,Q17,做多,0.5327884885755846,0.5451671055710292,83376,0.00016501962833325836,0.504461715601612,1.0711223421704357
时序加减修正后,Q18,做多,0.5451672036788208,0.5621142295393644,83376,0.00023083463013054404,0.507004413740165,1.0964437717644666
时序加减修正后,Q19,做多,0.5621143496165634,0.5904650718415501,83376,0.0004321918416747997,0.5142966800997889,1.1677661124775878
时序加减修正后,Q20,做多,0.5904651192305234,0.7938003850523435,83376,0.0016656161814426634,0.5670816541930531,1.4431327000624936
