Date,date_index,slow_baseline,recent_center,time_offset,daily_score_median,daily_samples,effective_center,is_test,effective_time_offset,daily_residual_after_adjustment
2024-02-01,21,0.4887138537627751,0.4887138537627751,0.0,0.5169716018989793,2880,0.4886466366167391,false,-0.0000672171460359694,0.028324965282240155
2024-02-02,22,0.4889001861200328,0.5028427278308771,0.013942541710844358,0.5305508588842666,2880,0.5027755106848412,false,0.013875324564808389,0.027775348199425398
2024-02-05,23,0.48908651847729046,0.5166967933575719,0.02761027488028145,0.4874504977794575,2880,0.5166295762115359,false,0.02754305773424548,-0.029179078432078454
2024-02-06,24,0.4889001861200328,0.5020736455685146,0.013173459448481861,0.530009513263749,2880,0.5020064284224787,false,0.013106242302445892,0.028003084841270343
2024-02-07,25,0.48908651847729046,0.5160415794161318,0.02695506093884137,0.4915603490444336,2880,0.5159743622700959,false,0.0268878437928054,-0.02441401322566228
2024-02-08,26,0.48989706342535605,0.5038009642302828,0.013903900804926705,0.4997470988359273,2880,0.5037337470842468,false,0.013836683658890736,-0.003986648248319513
2024-02-19,27,0.49070760837342164,0.501774031533105,0.011066423159683314,0.5108205346482927,2880,0.501706814387069,false,0.010999206013647345,0.009113720261223701
2024-02-20,28,0.4911339787089276,0.5062972830906989,0.01516330438177127,0.4898494525233491,2880,0.5062300659446629,false,0.0150960872357353,-0.016380613421313805
2024-02-21,29,0.49070760837342164,0.498073367807024,0.007365759433602348,0.5435810137907096,2880,0.49800615066098797,false,0.007298542287566323,0.04557486312972159
2024-02-22,30,0.4911339787089276,0.5208271907988667,0.029693212089939136,0.4607989335939718,2880,0.5207599736528308,false,0.029625994943903167,-0.059961040058858994
2024-02-23,31,0.49070760837342164,0.4908130621964193,0.0001054538229976476,0.4824532782990998,2880,0.4907458450503833,false,0.000038236676961678207,-0.008292566751283537
2024-02-26,32,0.4902785304483854,0.48663317024775954,-0.0036453602006258357,0.5095810810504675,2880,0.48656595310172357,false,-0.003712577346661805,0.02301512794874394
2024-02-27,33,0.49070760837342164,0.4981071256491135,0.00739951727569188,0.5004600600155376,2880,0.49803990850307756,false,0.007332300129655911,0.0024201515124600004
2024-02-28,34,0.4911339787089276,0.49928359283232554,0.00814961412339793,0.5113454265535355,2880,0.4992163756862895,false,0.008082396977361905,0.012129050867246027
2024-02-29,35,0.4915603490444336,0.5053145096929306,0.013754160648496994,0.5394141022711123,2880,0.5052472925468946,false,0.013686943502461024,0.034166809724217706
2024-03-01,36,0.4922195291709709,0.5223643059820214,0.030144776811050544,0.5273034172134847,2880,0.5222970888359855,false,0.030077559665014575,0.005006328377499258
2024-03-04,37,0.49287870929750816,0.524833861597753,0.03195515230024487,0.4949934331622618,2880,0.5247666444517171,false,0.0318879351542089,-0.02977321128945526
2024-03-05,38,0.493936071229885,0.5099136473800074,0.015977576150122463,0.48741284352332015,2880,0.5098464302339715,false,0.015910359004086494,-0.02243358671065132
2024-03-06,39,0.49287870929750816,0.4986632454516638,0.0057845361541556395,0.4879277547036275,2880,0.49859602830562777,false,0.005717319008119615,-0.010668273602000289
2024-03-07,40,0.4922195291709709,0.49329550007764567,0.0010759709066747725,0.4889674490916327,2880,0.4932282829316097,false,0.001008753760638803,-0.004260833839976996
2024-03-08,41,0.4915603490444336,0.4911314745846392,-0.00042887445979439276,0.47744959740511134,2880,0.49106425743860316,false,-0.0004960916058304177,-0.013614660033491821
2024-03-11,42,0.4911339787089276,0.48429053599487526,-0.00684344271405235,0.49726663761903755,2880,0.4842233188488393,false,-0.0069106598600883196,0.013043318770198264
2024-03-12,43,0.4915603490444336,0.4907785868069564,-0.0007817622374771682,0.4962392093664336,2880,0.49071136966092044,false,-0.0008489793835131376,0.005527839705513182
2024-03-13,44,0.4922195291709709,0.493508898086695,0.0012893689157241206,0.4934248923213309,2880,0.493441680940659,false,0.0012221517696880957,-0.000016788619328078624
2024-03-14,45,0.49287870929750816,0.493466895204013,0.0005881859065048345,0.490886799937716,2880,0.493399678057977,false,0.0005209687604688651,-0.0025128781202610195
2024-03-15,46,0.4922195291709709,0.4921768475708645,-0.00004268160010639788,0.47864241058400675,2880,0.49210963042482847,false,-0.00010989874614242279,-0.01346721984082172
2024-03-18,47,0.4915603490444336,0.4854096290774356,-0.006150719966997953,0.47934158693142337,2880,0.4853424119313996,false,-0.006217937113033978,-0.006000824999976229
2024-03-19,48,0.4912235744910748,0.48237560800442947,-0.00884796648664532,0.47158421623183877,2880,0.4823083908583935,false,-0.00891518363268129,-0.010724174626554728
2024-03-20,49,0.490886799937716,0.4769799121181341,-0.013906887819581881,0.4872150599536188,2880,0.4769126949720981,false,-0.013974104965617906,0.010302364981520706
2024-03-21,50,0.4907972041555688,0.48209748603587643,-0.00869971811969239,0.48027528892373605,2880,0.48203026888984046,false,-0.00876693526572836,-0.0017549799661044085
2024-03-22,51,0.49070760837342164,0.48118638747980624,-0.0095212208936154,0.4635832394495093,2880,0.4811191703337703,false,-0.00958843803965137,-0.017535930884260975
2024-03-25,52,0.4902785304483854,0.47238481346465777,-0.017893716983727603,0.4751414025330877,2880,0.4723175963186218,false,-0.017960934129763573,0.0028238062144658738
2024-03-26,53,0.4898494525233491,0.4737631079988727,-0.01608634452447638,0.476752159527109,2880,0.4736958908528367,false,-0.016153561670512406,0.0030562686742722778
2024-03-27,54,0.4894679855003198,0.47525763376299085,-0.01421035173732893,0.4580015183810934,2880,0.4751904166169548,false,-0.014277568883364955,-0.01718889823586145
2024-03-28,55,0.48908651847729046,0.46662957607204214,-0.022456942405248315,0.5017610576180364,2880,0.46656235892600617,false,-0.022524159551284284,0.035198698692030184
2024-03-29,56,0.4894679855003198,0.48419531684503925,-0.005272668655280532,0.49248715481718064,2880,0.4841280996990033,false,-0.005339885801316502,0.008359055118177361
2024-04-01,57,0.4898494525233491,0.48834123583110994,-0.0015082166922391615,0.5243361409007876,2880,0.4882740186850739,false,-0.0015754338382751865,0.0360621222157137
2024-04-02,58,0.4902785304483854,0.5063386883659488,0.016060157917563378,0.5187026827540979,2880,0.5062714712199128,false,0.01599294077152741,0.012431211534185138
2024-04-03,59,0.49070760837342164,0.5125206855600233,0.021813077186601637,0.5097570693990893,2880,0.5124534684139873,false,0.021745860040565668,-0.0026963990148980432
2024-04-08,60,0.4907972041555688,0.5111388774795562,0.020341673323987397,0.4913179630471005,2880,0.5110716603335203,false,0.020274456177951428,-0.019753697286419736
2024-04-09,61,0.490886799937716,0.5012284202633284,0.010341620325612366,0.4515108928124364,2880,0.5011612031172924,false,0.010274403179576397,-0.049650310304856005
2024-04-10,62,0.4907972041555688,0.4763696565378824,-0.014427547617686443,0.47075192780794956,2880,0.47630243939184636,false,-0.014494764763722467,-0.0055505115838968
2024-04-11,63,0.49070760837342164,0.47356079217291597,-0.017146816200505677,0.48561831184165993,2880,0.47349357502687994,false,-0.0172140333465417,0.01212473681477999
2024-04-12,64,0.4902785304483854,0.4795895520072879,-0.010688978441097452,0.4711720790495707,2880,0.47952233486125195,false,-0.010756195587133421,-0.00835025581168125
2024-04-15,65,0.4898494525233491,0.4753808155284293,-0.014468636994919792,0.5087654435741423,2880,0.4753135983823933,false,-0.014535854140955817,0.03345184519174904
2024-04-16,66,0.4902785304483854,0.4920731295512858,0.0017945991029004182,0.49832678547076625,2880,0.4920059124052498,false,0.0017273819568644488,0.00632087306551643
2024-04-17,67,0.49070760837342164,0.495199957511026,0.004492349137604379,0.4976518146393869,2880,0.49513274036499,false,0.004425131991568354,0.002519074274396904
2024-04-18,68,0.4907972041555688,0.49642588607520644,0.0056286819196376126,0.4915323753106915,2880,0.49635866892917047,false,0.005561464773601643,-0.004826293618478972
2024-04-19,69,0.490886799937716,0.49397913069294896,0.0030923307552329637,0.49564717494116434,2880,0.493911913546913,false,0.0030251136091969943,0.0017352613942513417
2024-04-22,70,0.49110238149240826,0.4948131528170566,0.0037107713246483653,0.4753660422822844,2880,0.49474593567102065,false,0.003643554178612396,-0.019379893388736247
2024-04-23,71,0.490886799937716,0.4850895975496705,-0.005797202388045486,0.4861505681686097,2880,0.48502238040363455,false,-0.005864419534081455,0.0011281877649751415
2024-04-24,72,0.4907972041555688,0.4856200828591401,-0.005177121296428722,0.444442542991826,2880,0.4855528657131041,false,-0.0052443384424647466,-0.04111032272127807
2024-04-25,73,0.49070760837342164,0.46503131292548305,-0.02567629544793859,0.44102824326235746,2880,0.4649640957794471,false,-0.02574351259397456,-0.02393585251708963
2024-04-26,74,0.4902785304483854,0.45302977809392025,-0.03724875235446512,0.49668905604885566,2880,0.45296256094788423,false,-0.037315969500501145,0.04372649510097143
2024-04-29,75,0.49070760837342164,0.47485941707138796,-0.015848191302033687,0.5134123766659161,2880,0.47479219992535193,false,-0.015915408448069712,0.03862017674056417
2024-04-30,76,0.4907972041555688,0.494135896868652,0.00333869271308318,0.5611704202269351,2880,0.49406867972261603,false,0.0032714755670472107,0.06710174050431905
2024-05-06,77,0.490886799937716,0.5276531585477935,0.03676635861007749,0.4843155880551561,2880,0.5275859414017575,false,0.03669914146404152,-0.0432703533466014
2024-05-07,78,0.4907972041555688,0.5059843733014748,0.01518716914590601,0.4887174340589161,2880,0.5059171561554389,false,0.01511995199987004,-0.017199722096522763
2024-05-08,79,0.49070760837342164,0.49735090368019547,0.006643295306773822,0.5242608923398069,2880,0.49728368653415944,false,0.006576078160737797,0.026977205805647442
2024-05-09,80,0.4907972041555688,0.5108058980100012,0.02000869385443238,0.4572563761542934,2880,0.5107386808639652,false,0.01994147670839641,-0.05348230470967186
2024-05-10,81,0.49070760837342164,0.4840311370821473,-0.006676471291274355,0.47966308989886275,2880,0.4839639199361113,false,-0.0067436884373103245,-0.004300830037248571
2024-05-13,82,0.4902785304483854,0.481847113490505,-0.008431416957880356,0.5151876818351979,2880,0.48177989634446905,false,-0.008498634103916325,0.03340778549072887
2024-05-14,83,0.49070760837342164,0.49851739766285147,0.007809789289429825,0.47690024633975625,2880,0.49845018051681544,false,0.0077425721433938,-0.021549934177059193
2024-05-15,84,0.4902785304483854,0.48770882200130383,-0.0025697084470815423,0.4715471757665999,2880,0.48764160485526786,false,-0.0026369255931175117,-0.016094429088667983
2024-05-16,85,0.4898494525233491,0.47962799888395186,-0.010221453639397249,0.46964352477192034,2880,0.47956078173791583,false,-0.010288670785433274,-0.009917256965995491
2024-05-17,86,0.4894679855003198,0.4746357618279361,-0.014832223672383682,0.46192742168542,2880,0.47456854468190013,false,-0.014899440818419651,-0.012641122996480125
2024-05-20,87,0.48908651847729046,0.46828159175667805,-0.020804926720612404,0.4951846045630902,2880,0.4682143746106421,false,-0.020872143866648374,0.026970229952448133
2024-05-21,88,0.4894679855003198,0.48173309815988413,-0.007734887340435648,0.5034661641100693,2880,0.4816658810138481,false,-0.007802104486471673,0.021800283096221174
2024-05-22,89,0.4898494525233491,0.49259963113497673,0.0027501786116276294,0.4607409498355816,2880,0.49253241398894076,false,0.00268296146559166,-0.03179146415335915
2024-05-23,90,0.4894679855003198,0.4766702904852792,-0.012797695015040578,0.47143229100315287,2880,0.47660307333924323,false,-0.012864912161076547,-0.005170782336090363
2024-05-24,91,0.48908651847729046,0.47405129074421604,-0.015035227733074419,0.45391642208658295,2880,0.47398407359818007,false,-0.015102444879110388,-0.020067651511597118
2024-05-27,92,0.4890269837844616,0.4639838564153995,-0.025043127369062057,0.4751749630211115,2880,0.46391663926936355,false,-0.025110344515098026,0.011258323751747956
2024-05-28,93,0.4889674490916327,0.4695794097182555,-0.019388039373377186,0.4655257814252035,2880,0.46951219257221954,false,-0.019455256519413155,-0.0039864111470160335
2024-05-29,94,0.4888424415752744,0.4675525955717295,-0.021289846003544888,0.47878336281274014,2880,0.4674853784256935,false,-0.021357063149580913,0.011297984387046656
2024-05-30,95,0.4887174340589161,0.47316797919223486,-0.015549454866681245,0.4961691678277371,2880,0.4731007620461989,false,-0.015616672012717214,0.023068405781538237
2024-05-31,96,0.4888424415752744,0.484668573509986,-0.004173868065288411,0.5080883524874689,2880,0.48460135636394996,false,-0.004241085211324436,0.0234869961235189
2024-06-03,97,0.4889674490916327,0.49637846299872745,0.0074110139070947545,0.5262140459991546,2880,0.4963112458526915,false,0.007343796761058785,0.02990280014646307
2024-06-04,98,0.4890269837844616,0.511296254498941,0.022269270714479428,0.48812546700866777,2880,0.511229037352905,false,0.02220205356844346,-0.023103570344237268
2024-06-05,99,0.4889674490916327,0.4997108607538044,0.010743411662171687,0.4788127608217698,2880,0.49964364360776836,false,0.010676194516135662,-0.02083088278599854
2024-06-06,100,0.4888424415752744,0.4892618107877871,0.0004193692125126769,0.49069096858162786,2880,0.4891945936417511,false,0.0003521520664767075,0.0014963749398767545
2024-06-07,101,0.4889674490916327,0.48997638968470747,0.0010089405930747697,0.46607884803968636,2880,0.4899091725386715,false,0.0009417234470388003,-0.023830324498985145
2024-06-11,102,0.4888424415752744,0.4780276188621969,-0.010814822713077488,0.4839796172314426,2880,0.47796040171616094,false,-0.010882039859113457,0.006019215515281673
2024-06-12,103,0.4887174340589161,0.4810036180468198,-0.007713816012096308,0.45839889141594664,2880,0.4809364009007838,false,-0.007781033158132278,-0.02253750948483718
2024-06-13,104,0.4887156439108456,0.46970125473138324,-0.019014389179462354,0.4920696448967303,2880,0.4696340375853473,false,-0.019081606325498324,0.022435607311383
2024-06-14,105,0.4887174340589161,0.4808854498140568,-0.007831984244859314,0.47280170026929313,2880,0.4808182326680208,false,-0.007899201390895283,-0.008016532398727683
2024-06-17,106,0.4887156439108456,0.47684357504167496,-0.011872068869170638,0.47910793195429774,2880,0.476776357895639,false,-0.011939286015206607,0.0023315740586587475
2024-06-18,107,0.4887138537627751,0.4779757534979864,-0.01073810026478872,0.4968895529524048,2880,0.4779085363519504,false,-0.010805317410824689,0.01898101660045437
2024-06-19,108,0.4887156439108456,0.4874326532251956,-0.0012829906856500206,0.48356126201026683,2880,0.4873654360791596,false,-0.00135020783168599,-0.003804174068892774
2024-06-20,109,0.4887138537627751,0.4854969576177312,-0.0032168961450438904,0.4720686612101196,2880,0.4854297404716952,false,-0.0032841132910799153,-0.013361079261575592
2024-06-21,110,0.48841966038572143,0.47878280941392537,-0.009636850971796063,0.4589001317135154,2880,0.4787155922678894,false,-0.009704068117832032,-0.019815460554373998
2024-06-24,111,0.48812546700866777,0.4688414705637204,-0.019283996444947382,0.46910344137439053,2880,0.4687742534176844,false,-0.01935121359098335,0.0003291879567061118
2024-06-25,112,0.4880266108561476,0.46897245596905546,-0.019054154887092167,0.47351244754220595,2880,0.4689052388230195,false,-0.019121372033128137,0.004607208719186462
2024-06-26,113,0.4879277547036275,0.47124245175563073,-0.01668530294799675,0.46892148469564027,2880,0.47117523460959476,false,-0.01675252009403272,-0.0022537499139544948
2024-06-27,114,0.4876891262415425,0.4700819682256355,-0.017607158015906954,0.48286901765133244,2880,0.47001475107959956,false,-0.017674375161942923,0.012854266571732886
2024-06-28,115,0.4874504977794575,0.476475492938484,-0.010975004840973468,0.5131913553908615,2880,0.47640827579244804,false,-0.011042221987009437,0.036783079598413426
2024-07-01,116,0.4876891262415425,0.49483342416467274,0.007144297923130261,0.524242297138134,2880,0.4947662070186367,false,0.007077080777094236,0.029476090119497256
2024-07-02,117,0.4879277547036275,0.5095378606514034,0.021610105947775904,0.47613134409290336,2880,0.5094706435053674,false,0.021542888801739934,-0.03333929941246405
2024-07-03,118,0.4876891262415425,0.4928346023721534,0.005145476130610893,0.48088303656705644,2880,0.4927673852261174,false,0.005078258984574924,-0.011884348659060961
2024-07-04,119,0.4874504977794575,0.4868588194696049,-0.0005916783098525724,0.500424683746188,2880,0.4867916023235689,false,-0.0006588954558885973,0.013633081422619098
2024-07-05,120,0.4876891262415425,0.4936417516078965,0.005952625366353992,0.4716858869058194,2880,0.4935745344618605,false,0.0058854082203180225,-0.021888647556041085
2024-07-08,121,0.4874504977794575,0.482663819256858,-0.004786678522599508,0.47742302370044964,2880,0.482596602110822,false,-0.004853895668635477,-0.005173578410372359
2024-07-09,122,0.4874316706513888,0.4800434214786538,-0.007388249172735006,0.49894621862978,2880,0.4799762043326178,false,-0.007455466318771031,0.01897001429716222
2024-07-10,123,0.4874504977794575,0.4894948200542169,0.0020443222747594247,0.468261976994735,2880,0.4894276029081809,false,0.0019771051287234,-0.021165625913445896
2024-07-11,124,0.4874316706513888,0.47887839852447595,-0.00855327212691287,0.4931596103873299,2880,0.4788111813784399,false,-0.008620489272948895,0.014348429008889996
2024-07-12,125,0.4874504977794575,0.48601900445590296,-0.0014314933235545224,0.49383141011707743,2880,0.485951787309867,false,-0.0014987104695904918,0.00787962280721044
2024-07-15,126,0.4876891262415425,0.4899252072864902,0.002236081044947713,0.49273510431635104,2880,0.48985799014045417,false,0.002168863898911688,0.0028771141758968666
2024-07-16,127,0.4879277547036275,0.4913301558014206,0.0034024010977931063,0.45832512736259523,2880,0.4912629386553846,false,0.003335183951757137,-0.03293781129278939
2024-07-17,128,0.4876891262415425,0.4748276415820079,-0.012861484659534572,0.4372289864995337,2880,0.4747604244359719,false,-0.012928701805570597,-0.037531437936438206
2024-07-18,129,0.4874504977794575,0.4560283140407708,-0.03142218373868666,0.47559691336536947,2880,0.45596109689473485,false,-0.03148940088472263,0.019635816470634615
2024-07-19,130,0.4874316706513888,0.46581261370307014,-0.02161905694831867,0.47908567733169094,2880,0.4657453965570342,false,-0.02168627409435464,0.013340280774656765
2024-07-22,131,0.48741284352332015,0.47244914551738054,-0.014963698005939607,0.49927594833792704,2880,0.4723819283713445,false,-0.015030915151975632,0.026894019966582527
2024-07-23,132,0.4874316706513888,0.4858625469276538,-0.001569123723735022,0.49984049979270484,2880,0.48579532978161777,false,-0.0016363408697710469,0.014045170011087071
2024-07-24,133,0.4874504977794575,0.49285152336017934,0.005401025580721863,0.4974229359844182,2880,0.4927843062141434,false,0.005333808434685894,0.004638629770274849
2024-07-25,134,0.4876891262415425,0.4951372296722988,0.007448103430756303,0.4589909059391494,2880,0.4950700125262628,false,0.007380886284720334,-0.03607910658711344
2024-07-26,135,0.4874504977794575,0.4770640678057241,-0.010386429973733402,0.4412895434457915,2880,0.4769968506596881,false,-0.010453647119769371,-0.03570730721389659
2024-07-29,136,0.4874316706513888,0.4591768056257578,-0.028254865025631015,0.47931010487316994,2880,0.45910958847972183,false,-0.028322082171666985,0.02020051639344811
2024-07-30,137,0.48741284352332015,0.46924345524946387,-0.01816938827385628,0.4960584573237913,2880,0.4691762381034279,false,-0.01823660541989225,0.02688221922036338
2024-07-31,138,0.4874316706513888,0.4826509562866276,-0.0047807143647612405,0.5117452581759082,2880,0.4825837391405916,false,-0.00484793151079721,0.029161519035316608
2024-08-01,139,0.4874504977794575,0.4971981072312679,0.009747609451810413,0.4905957413638886,2880,0.4971308900852319,false,0.009680392305774443,-0.006535148721343309
2024-08-02,140,0.4876891262415425,0.49389692429757825,0.006207798056035774,0.5398254636651956,2880,0.4938297071515423,false,0.006140580909999804,0.045995756513653285
2024-08-05,141,0.4879277547036275,0.516861193981387,0.028933439277759487,0.5055274553996109,2880,0.516793976835351,false,0.028866222131723518,-0.01126652143574014
2024-08-06,142,0.4880266108561476,0.5111943246904989,0.023167713834351233,0.4788123161361403,2880,0.5111271075444629,false,0.023100496688315264,-0.03231479140832261
2024-08-07,143,0.4879277547036275,0.49500332041331957,0.007075565709692089,0.4427614421756747,2880,0.49493610326728354,false,0.007008348563656064,-0.05217466109160884
2024-08-08,144,0.4876891262415425,0.4688823812944971,-0.018806744947045373,0.46328001459053847,2880,0.46881516414846114,false,-0.018873962093081342,-0.0055351495579226695
2024-08-09,145,0.4874504977794575,0.4660811979425178,-0.021369299836939692,0.46722976824917994,2880,0.4660139807964818,false,-0.021436516982975662,0.001215787452698125
2024-08-12,146,0.4874316706513888,0.46665548309584887,-0.02077618755553995,0.523610431581885,2880,0.46658826594981284,false,-0.020843404701575974,0.057022165632072186
2024-08-13,147,0.4874504977794575,0.495132957338867,0.0076824595594094935,0.48642170246046623,2880,0.495065740192831,false,0.007615242413373524,-0.008644037732364773
2024-08-14,148,0.4874316706513888,0.4907773298996666,0.003345659248277788,0.45528445755816904,2880,0.49071011275363063,false,0.0032784421022418186,-0.03542565519546159
2024-08-15,149,0.48741284352332015,0.4730308937289178,-0.014381949794402327,0.46367052483007515,2880,0.47296367658288185,false,-0.014449166940438296,-0.009293151752806705
2024-08-16,150,0.4873139517384695,0.4683507092794965,-0.018963242458972962,0.43511398111860833,2880,0.46828349213346054,false,-0.01903045960500893,-0.033169511014852215
2024-08-19,151,0.4872150599536188,0.4517323451990524,-0.03548271475456638,0.4789104710565679,2880,0.4516651280530164,false,-0.035549931900602405,0.027245343003551525
2024-08-20,152,0.4868183812070425,0.4653214081278102,-0.021496973079232318,0.49837053900546535,2880,0.46525419098177423,false,-0.021564190225268287,0.03311634802369112
2024-08-21,153,0.4872150599536188,0.4818459735666378,-0.005369086386981026,0.4466162403223325,2880,0.48177875642060175,false,-0.005436303533017051,-0.03516251609826926
2024-08-22,154,0.4868183812070425,0.4642311069444851,-0.02258727426255741,0.4513645008221951,2880,0.46416388979844914,false,-0.02265449140859338,-0.012799388976254045
2024-08-23,155,0.48642170246046623,0.4577978038833401,-0.028623898577126106,0.44709778871627226,2880,0.45773058673730416,false,-0.028691115723162075,-0.010632798021031897
2024-08-26,156,0.48628613531453796,0.4524477962998062,-0.033838339014731766,0.4672468828464026,2880,0.45238057915377017,false,-0.03390555616076779,0.014866303692632421
2024-08-27,157,0.4861505681686097,0.4598473395731044,-0.026303228595505268,0.48051040871114764,2880,0.45978012242706845,false,-0.026370445741541237,0.02073028628407919
2024-08-28,158,0.4858844400051348,0.470178874142126,-0.015705565863008808,0.48263953580518604,2880,0.47011165699609003,false,-0.015772783009044777,0.012527878809096005
2024-08-29,159,0.48561831184165993,0.476409204973656,-0.009209106868003913,0.5082008564611291,2880,0.47634198782762005,false,-0.009276324014039883,0.03185886863350906
2024-08-30,160,0.4858844400051348,0.49230503071739257,0.006420590712257757,0.5126436353606821,2880,0.49223781357135654,false,0.006353373566221732,0.020405821789325596
2024-09-02,161,0.4861505681686097,0.5024743330390373,0.016323764870427637,0.5242658785127512,2880,0.5024071158930014,false,0.016256547724391668,0.02185876261974984
2024-09-03,162,0.48628613531453796,0.5133701057758943,0.0270839704613563,0.5173074139264893,2880,0.5133028886298583,false,0.02701675331532033,0.0040045252966309786
2024-09-04,163,0.48642170246046623,0.5153387598511918,0.028917057390725587,0.4956261615869393,2880,0.5152715427051558,false,0.028849840244689617,-0.019645381118216565
2024-09-05,164,0.4868183812070425,0.5054824607190656,0.018664079512023035,0.4483610091311875,2880,0.5054152435730296,false,0.018596862365987066,-0.0570542344418421
2024-09-06,165,0.48642170246046623,0.4769217349251265,-0.009499967535339715,0.4768592080088034,2880,0.4768545177790905,false,-0.00956718468137574,4.690229712889238e-6
2024-09-09,166,0.48628613531453796,0.47689047146696495,-0.00939566384757301,0.49979984043820513,2880,0.476823254320929,false,-0.00946288099360898,0.022976586117276154
2024-09-10,167,0.48642170246046623,0.48834515595258504,0.0019234534921188096,0.47016385030984686,2880,0.488277938806549,false,0.0018562363460827846,-0.018114088496702152
2024-09-11,168,0.48628613531453796,0.479254503131216,-0.007031632183321979,0.44477226965730743,2880,0.47918728598518,false,-0.007098849329357948,-0.03441501632787258
2024-09-12,169,0.4861505681686097,0.4620133863942617,-0.024137181774347982,0.46334049953098017,2880,0.46194616924822574,false,-0.02420439892038395,0.0013943302827544302
2024-09-13,170,0.4858844400051348,0.46267694296262096,-0.023207497042513847,0.4778491500508709,2880,0.462609725816585,false,-0.023274714188549817,0.015239424234285925
2024-09-18,171,0.48561831184165993,0.47026304650674594,-0.015355265334913992,0.4860015270788186,2880,0.4701958293607099,false,-0.015422482480950017,0.01580569771810869
2024-09-19,172,0.48580991946023927,0.4781322867927823,-0.007677632667456968,0.4630616664197805,2880,0.47806506964674633,false,-0.007744849813492938,-0.015003403226965806
2024-09-20,173,0.48561831184165993,0.4705969766062814,-0.015021335235378519,0.4701861844817061,2880,0.47052975946024544,false,-0.015088552381414488,-0.0003435749785393183
2024-09-23,174,0.48496694994840805,0.47039158054399377,-0.014575369404414285,0.4618132621922813,2880,0.4703243633979578,false,-0.014642586550450254,-0.008511101205676497
2024-09-24,175,0.4843155880551561,0.4661024213681375,-0.01821316668701861,0.5021906598080913,2880,0.46603520422210154,false,-0.01828038383305458,0.03615545558598976
2024-09-25,176,0.48496694994840805,0.4841465405881144,-0.0008204093602936502,0.47456538810000687,2880,0.4840793234420784,false,-0.0008876265063296751,-0.009513935342071511
2024-09-26,177,0.4843155880551561,0.47935596434406064,-0.004959623711095484,0.45784219115573904,2880,0.4792887471980246,false,-0.005026840857131509,-0.02144655604228557
2024-09-27,178,0.48414760264329937,0.46859907774989984,-0.015548524893399529,0.4583782065859335,2880,0.46853186060386387,false,-0.015615742039435498,-0.010153654017930391
2024-09-30,179,0.4839796172314426,0.46348864216791663,-0.020490975063525985,0.4698862114438037,2880,0.46342142502188066,false,-0.020558192209561954,0.006464786421923052
2024-10-08,180,0.48378904249782195,0.4666874268058602,-0.01710161569196178,0.5079518045288807,2880,0.4666202096598242,false,-0.01716883283799775,0.041331594869056465
2024-10-09,181,0.4839796172314426,0.4873196156673704,0.0033399984359278045,0.5663043417003512,2880,0.4872523985213344,false,0.0032727812898917796,0.07905194317901676
2024-10-10,182,0.48414760264329937,0.5268119786838608,0.04266437604056139,0.5071309906259007,2880,0.5267447615378248,false,0.04259715889452542,-0.019613770911924067
2024-10-11,183,0.4843155880551561,0.5169714846548807,0.03265589659972462,0.5149497512544734,2880,0.5169042675088448,false,0.03258867945368865,-0.0019545162543713746
2024-10-14,184,0.48496694994840805,0.5159606179546771,0.030993668006269015,0.5027428329595541,2880,0.5158934008086411,false,0.030926450860233046,-0.01315056784908697
2024-10-15,185,0.48561831184165993,0.5093517254571156,0.023733413615455667,0.44755463316531297,2880,0.5092845083110796,false,0.023666196469419698,-0.061729875145766666
2024-10-16,186,0.48496694994840805,0.4784531793112143,-0.006513770637193772,0.4827201117881366,2880,0.47838596216517826,false,-0.006580987783229797,0.004334149622958361
2024-10-17,187,0.4843155880551561,0.48058664554967545,-0.00372894250548067,0.4573856752093615,2880,0.4805194284036395,false,-0.0037961596515166396,-0.02313375319427796
2024-10-18,188,0.48414760264329937,0.46898616037951846,-0.015161442263780911,0.4846522859190092,2880,0.4689189432334825,false,-0.01522865940981688,0.01573334268552673
2024-10-21,189,0.4843155880551561,0.47681922314926384,-0.007496364905892283,0.4398556655617957,2880,0.47675200600322787,false,-0.007563582051928253,-0.036896340441432196
2024-10-22,190,0.48414760264329937,0.45833744435552976,-0.025810158287769613,0.4573007813685258,2880,0.45827022720949373,false,-0.02587737543380564,-0.0009694458409679196
2024-10-23,191,0.4839796172314426,0.4578191128620278,-0.026160504369414805,0.42322384511205585,2880,0.45775189571599184,false,-0.026227721515450775,-0.03452805060393599
2024-10-24,192,0.48378904249782195,0.44052147898704186,-0.043267563510780094,0.5034852048294277,2880,0.4404542618410059,false,-0.04333478065681606,0.06303094298842182
2024-10-25,193,0.4839796172314426,0.4720033419082348,-0.01197627532320783,0.47122536138303395,2880,0.4719361247621988,false,-0.0120434924692438,-0.0007107633791648693
2024-10-28,194,0.48378904249782195,0.47161435164563437,-0.012174690852187586,0.48534029583815064,2880,0.4715471344995984,false,-0.012241907998223556,0.01379316133855224
2024-10-29,195,0.4839796172314426,0.4784773237418925,-0.005502293489550114,0.47678063382452074,2880,0.4784101065958565,false,-0.005569510635586139,-0.0016294727713357382
2024-10-30,196,0.48378904249782195,0.47762897878320665,-0.006160063714615305,0.508025281144239,2880,0.4775617616371707,false,-0.006227280860651274,0.03046351950706827
2024-10-31,197,0.4839796172314426,0.4928271299637228,0.008847512732280183,0.4919101072420303,2880,0.49275991281768683,false,0.008780295586244213,-0.0008498055756565037
2024-11-01,198,0.48414760264329937,0.49236861860287656,0.008221015959577194,0.5082210863501533,2880,0.49230140145684054,false,0.008153798813541169,0.015919684893312747
2024-11-04,199,0.4843155880551561,0.500294852476515,0.01597926442135883,0.5132481636725562,2880,0.500227635330479,false,0.01591204727532286,0.013020528342077231
2024-11-05,200,0.4844839369870827,0.5067715080745356,0.02228757108745294,0.5424427230201403,2880,0.5067042909284997,false,0.02222035394141697,0.035738432091640626
2024-11-06,201,0.4846522859190092,0.524607115547338,0.03995482962832875,0.5079257552875605,2880,0.524539898401302,false,0.03988761248229278,-0.016614143113741542
2024-11-07,202,0.4849962908785799,0.5162664354174492,0.03127014453886928,0.5064244369142321,2880,0.5161992182714132,false,0.031202927392833313,-0.009774781357181128
2024-11-08,203,0.48534029583815064,0.5113454361658407,0.02600514032769008,0.4992847527998352,2880,0.5112782190198047,false,0.02593792318165411,-0.01199346621996955
2024-11-11,204,0.4854793038399053,0.505315094482838,0.01983579064293267,0.5450056902184524,2880,0.505247877336802,false,0.019768573496896702,0.03975781288165037
2024-11-12,205,0.48561831184165993,0.5251603923506452,0.03954208050898522,0.5147053607960081,2880,0.5250931752046092,false,0.03947486336294925,-0.010387814408601037
2024-11-13,206,0.48580991946023927,0.5199328765733267,0.03412295711308738,0.5091071285086264,2880,0.5198656594272907,false,0.03405573996705141,-0.0107585309186643
2024-11-14,207,0.4860015270788186,0.5145200025409765,0.02851847546215791,0.4764892259669574,2880,0.5144527853949405,false,0.02845125831612194,-0.03796355942798313
2024-11-15,208,0.48580991946023927,0.49550461425396697,0.009694694793727698,0.4684856141833196,2880,0.495437397107931,false,0.009627477647691729,-0.026951782924611423
2024-11-18,209,0.48561831184165993,0.4819951142186433,-0.0036231976230166607,0.5035654277074002,2880,0.4819278970726073,false,-0.00369041476905263,0.0216375306347929
2024-11-19,210,0.48580991946023927,0.49278027096302174,0.006970351502782468,0.4931490534683497,2880,0.4927130538169857,false,0.006903134356746443,0.000435999651363983
2024-11-20,211,0.4860015270788186,0.4929646622156857,0.006963135136867082,0.44679598363644724,2880,0.4928974450696497,false,0.006895917990831113,-0.046101461433202484
2024-11-21,212,0.48580991946023927,0.46988032292606646,-0.015929596534172807,0.4387649531575224,2880,0.46981310578003044,false,-0.015996813680208832,-0.03104815262250804
2024-11-22,213,0.48561831184165993,0.4543226380417944,-0.03129567379986553,0.4709024500003836,2880,0.45425542089575843,false,-0.0313628909459015,0.016647029104625177
2024-11-25,214,0.4854793038399053,0.462612544021089,-0.022866759818816307,0.506029536564373,2880,0.462545326875053,false,-0.022933976964852276,0.043484209689319986
2024-11-26,215,0.48561831184165993,0.484321040292731,-0.0012972715489289466,0.4397543376459251,2880,0.48425382314669496,false,-0.0013644886949649715,-0.044499485500769875
2024-11-27,216,0.4854793038399053,0.46203768896932806,-0.02344161487057722,0.4934582869346888,2880,0.4619704718232921,false,-0.02350883201661319,0.0314878151113967
2024-11-28,217,0.48561831184165993,0.47774798795200846,-0.007870323889651476,0.4848243854271431,2880,0.4776807708059725,false,-0.007937541035687445,0.007143614621170635
2024-11-29,218,0.4854793038399053,0.4812861866895758,-0.004193117150329495,0.5225952443433333,2880,0.4812189695435398,false,-0.0042603342963654645,0.041376274799793444
2024-12-02,219,0.48561831184165993,0.5019407155164546,0.01632240367479465,0.512858734935981,2880,0.5018734983704186,false,0.01625518652875868,0.010985236565562384
2024-12-03,220,0.48580991946023927,0.5073997252262178,0.02158980576597852,0.5053604611821689,2880,0.5073325080801818,false,0.02152258861994255,-0.0019720468980128913
2024-12-04,221,0.4860015270788186,0.5063800932041933,0.020378566125374697,0.49884249955218496,2880,0.5063128760581573,false,0.020311348979338728,-0.007470376505972376
2024-12-05,222,0.48607604762371415,0.5026112963781891,0.016535248754474985,0.47255814487352565,2880,0.5025440792321532,false,0.016468031608439015,-0.02998593435862751
2024-12-06,223,0.4860015270788186,0.4875847206258574,0.001583193547038786,0.5114798442409063,2880,0.48751750347982137,false,0.001515976401002761,0.023962340761084944
2024-12-09,224,0.48607604762371415,0.4995322824333819,0.013456234809667733,0.5058133321116285,2880,0.4994650652873459,false,0.013389017663631764,0.006348266824282578
2024-12-10,225,0.4861505681686097,0.5026728072725052,0.016522239103895497,0.48454897743329495,2880,0.5026055901264692,false,0.016455021957859528,-0.018056612693174268
2024-12-11,226,0.48607604762371415,0.49361089235290007,0.007534844729185919,0.5138624201823903,2880,0.49354367520686404,false,0.007467627583149894,0.020318744975526215
2024-12-12,227,0.4861505681686097,0.5037366562676452,0.017586088099035502,0.4741634064135363,2880,0.5036694391216092,false,0.017518870952999532,-0.029506032708072893
2024-12-13,228,0.48607604762371415,0.4889500313405908,0.002873983716876638,0.4817873436576307,2880,0.4888828141945548,false,0.0028067665708406686,-0.007095470536924109
2024-12-16,229,0.4860015270788186,0.4853686874991108,-0.0006328395797078334,0.4529309581587416,2880,0.4853014703530748,false,-0.0007000567257438028,-0.03237051219433318
2024-12-17,230,0.48580991946023927,0.4691498228289262,-0.01666009663131307,0.47393617579630565,2880,0.4690826056828902,false,-0.016727313777349095,0.004853570113415473
2024-12-18,231,0.48561831184165993,0.4715429993126159,-0.014075312529044037,0.4385995250628576,2880,0.4714757821665799,false,-0.014142529675080007,-0.03287625710372233
2024-12-19,232,0.4854793038399053,0.45507126218773675,-0.030408041652168538,0.47359042729262313,2880,0.4550040450417008,false,-0.030475258798204508,0.01858638225092235
2024-12-20,233,0.48534029583815064,0.46433084474017994,-0.0210094510979707,0.46303649865642105,2880,0.46426362759414397,false,-0.02107666824400667,-0.001227128937722921
2024-12-23,234,0.4850823406326469,0.4636836716983005,-0.021398668934346388,0.48691615740681216,2880,0.4636164545522645,false,-0.021465886080382357,0.023299702854547633
2024-12-24,235,0.48534029583815064,0.4752999145525563,-0.010040381285594313,0.4896501191251063,2880,0.4752326974065203,false,-0.010107598431630338,0.01441742171858601
2024-12-25,236,0.4854793038399053,0.4824750168388313,-0.0030042870010739686,0.47905110553226427,2880,0.48240779969279535,false,-0.003071504147109938,-0.003356694160531082
2024-12-26,237,0.48534029583815064,0.4807630611855478,-0.004577234652602846,0.4829584797806489,2880,0.4806958440395118,false,-0.004644451798638816,0.0022626357411370535
2024-12-27,238,0.4850823406326469,0.48186077048309833,-0.003221570149548547,0.4906431209895251,2880,0.4817935533370623,false,-0.003288787295584572,0.008849567652462809
2024-12-30,239,0.48534029583815064,0.4862519457363117,0.0009116498981610599,0.511343948096763,2880,0.4861847285902757,false,0.0008444327521250905,0.02515921950648725
2024-12-31,240,0.4854793038399053,0.49879794691653734,0.013318643076632053,0.5422688483006808,2880,0.49873072977050137,false,0.013251425930596084,0.043538118530179415
2025-01-02,241,0.48561831184165993,0.5205333976086091,0.03491508576694913,0.5564111251793167,2880,0.5204661804625731,false,0.03484786862091316,0.03594494471674359
2025-01-03,242,0.48580991946023927,0.5384722613939629,0.0526623419337236,0.5293511874350305,2880,0.5384050442479269,false,0.05259512478768763,-0.009053856812896388
2025-01-06,243,0.4860015270788186,0.5339117244144966,0.04791019733567803,0.46500262222334554,2880,0.5338445072684607,false,0.04784298018964206,-0.06884188504511513
2025-01-07,244,0.48580991946023927,0.4994571733189211,0.013647253858681818,0.47421410324113067,2880,0.49938995617288506,false,0.013580036712645793,-0.025175852931754394
2025-01-08,245,0.48561831184165993,0.48683563828002585,0.0012173264383659177,0.4806907440843991,2880,0.4867684211339899,false,0.0011501092923299483,-0.0060776770495907795
2025-01-09,246,0.4854793038399053,0.48376319118221245,-0.0017161126576928365,0.45987925316879086,2880,0.4836959740361765,false,-0.001783329803728806,-0.02381672086738562
2025-01-10,247,0.48534029583815064,0.47182122217550165,-0.013519073662648984,0.47722440053240267,2880,0.47175400502946563,false,-0.013586290808685009,0.005470395502937042
2025-01-13,248,0.4850823406326469,0.47452281135395213,-0.010559529278694746,0.5024714173220914,2880,0.47445559420791616,false,-0.010626746424730715,0.028015823114175276
2025-01-14,249,0.48534029583815064,0.4884971143380218,0.00315681849987115,0.5467460943467759,2880,0.4884298971919858,false,0.0030896013538351808,0.058316197154790084
2025-01-15,250,0.4854793038399053,0.5176216043423989,0.032142300502493615,0.47143192990433136,2880,0.5175543871963629,false,0.032075083356457645,-0.04612245729203157
2025-01-16,251,0.48534029583815064,0.49452676712336513,0.009186471285214493,0.49546173161863927,2880,0.4944595499773291,false,0.009119254139178468,0.0010021816413101625
2025-01-17,252,0.4854793038399053,0.4949942493710022,0.009514945531096941,0.47427470818360995,2880,0.49492703222496626,false,0.009447728385060972,-0.020652324041356307
2025-01-20,253,0.48534029583815064,0.4846344787773061,-0.0007058170608445491,0.4880520600369712,2880,0.48456726163127006,false,-0.000773034206880574,0.0034847984057011505
2025-01-21,254,0.4854793038399053,0.4863432694071387,0.0008639655672333935,0.4923322477156983,2880,0.4862760522611027,false,0.0007967484211974241,0.00605619545459557
2025-01-22,255,0.48561831184165993,0.4893377585614185,0.0037194467197585457,0.479997946607682,2880,0.4892705414153825,false,0.0036522295737225763,-0.009272594807700485
2025-01-23,256,0.4854793038399053,0.48466785258455025,-0.0008114512553550335,0.46604082197207963,2880,0.4846006354385143,false,-0.0008786684013910029,-0.01855981346643465
2025-01-24,257,0.48534029583815064,0.47535433727831494,-0.009985958559835695,0.47797609607344227,2880,0.4752871201322789,false,-0.01005317570587172,0.002688975941163352
2025-01-27,258,0.4850823406326469,0.4766652166758786,-0.008417123956768302,0.4773531534580402,2880,0.4765979995298426,false,-0.008484341102804271,0.0007551539281975828
2025-02-05,259,0.4848243854271431,0.4770091850669594,-0.007815200360183738,0.4875593648505361,2880,0.47694196792092336,false,-0.007882417506219763,0.010617396929612721
2025-02-06,260,0.4850823406326469,0.4822842749587477,-0.002798065673899175,0.4951576114453723,2880,0.48221705781271174,false,-0.0028652828199351443,0.012940553632660556
2025-02-07,261,0.48534029583815064,0.48872094320206,0.0033806473639093615,0.5411888725639431,2880,0.488653726056024,false,0.0033134302178733366,0.05253514650791913
2025-02-10,262,0.4854793038399053,0.5149549078830016,0.029475604043096293,0.5278020681084787,2880,0.5148876907369656,false,0.029408386897060323,0.01291437737151313
2025-02-11,263,0.48561831184165993,0.5213784879957402,0.035760176154080225,0.5467236159130595,2880,0.5213112708497042,false,0.035692959008044256,0.025412345063355324
2025-02-12,264,0.48580991946023927,0.5340510519543998,0.048241132494160566,0.48691561046922605,2880,0.5339838348083639,false,0.048173915348124596,-0.04706822433913782
2025-02-13,265,0.4860015270788186,0.5104833312118129,0.024481804132994278,0.4847389168639187,2880,0.5104161140657769,false,0.02441458698695831,-0.025677197201858237
2025-02-14,266,0.48580991946023927,0.4976111240378658,0.011801204577626512,0.4972704815495157,2880,0.4975439068918298,false,0.011733987431590542,-0.0002734253423141153
2025-02-17,267,0.4860015270788186,0.49744080279369074,0.011439275714872132,0.49191383883496365,2880,0.49737358564765477,false,0.011372058568836163,-0.005459746812691124
2025-02-18,268,0.48607604762371415,0.4946773208143272,0.008601273190613046,0.5050810468248578,2880,0.49461010366829117,false,0.00853405604457702,0.010470943156566603
2025-02-19,269,0.4861505681686097,0.4998791838195925,0.013728615650982823,0.5219321270067334,2880,0.49981196667355654,false,0.013661398504946853,0.022120160333176875
2025-02-20,270,0.48628613531453796,0.510905655413163,0.02461952009862506,0.48626668245207333,2880,0.510838438267127,false,0.02455230295258909,-0.02457175581505372
2025-02-21,271,0.48626668245207333,0.4985861689326182,0.012319486480544872,0.5035913184371476,2880,0.49851895178658223,false,0.012252269334508903,0.005072366650565319
2025-02-24,272,0.4863441924562698,0.5010887436848829,0.014744551228613068,0.5064002777755614,2880,0.5010215265388469,false,0.014677334082577098,0.005378751236714496
2025-02-25,273,0.48642170246046623,0.5037445107302221,0.01732280826975585,0.4941881940357306,2880,0.5036772935841861,false,0.017255591123719882,-0.009489099548455504
2025-02-26,274,0.48666865646484614,0.4989663523829764,0.012297695918130236,0.49360741999583674,2880,0.4988991352369404,false,0.012230478772094266,-0.005291715241103667
2025-02-27,275,0.48691561046922605,0.49628688618940653,0.009371275720180483,0.48459063522565066,2880,0.49621966904337056,false,0.009304058574144514,-0.011629033817719903
2025-02-28,276,0.48666865646484614,0.49043876070752856,0.003770104242682426,0.5309550698808583,2880,0.4903715435614926,false,0.0037028870966464567,0.04058352631936568
2025-03-03,277,0.48691561046922605,0.5106969152941934,0.02378130482496732,0.5268445834661708,2880,0.5106296981481574,false,0.02371408767893135,0.016214885318013406
2025-03-04,278,0.4869158839380191,0.5187707493801821,0.03185486544216298,0.5078779387023002,2880,0.5187035322341461,false,0.031787648296127013,-0.010825593531845867
2025-03-05,279,0.48691615740681216,0.5133243440412412,0.02640818663442901,0.45298886038655645,2880,0.5132571268952052,false,0.02634096948839304,-0.06026826650864875
2025-03-06,280,0.4869158839380191,0.4831566022138988,-0.0037592817241203225,0.4820963330787651,2880,0.4830893850678628,false,-0.003826498870156292,-0.0009930519890977152
2025-03-07,281,0.48691561046922605,0.48262646764633194,-0.00428914282289411,0.5026120664605178,2880,0.4825592505002959,false,-0.004356359968930135,0.020052815960221904
2025-03-10,282,0.4869158839380191,0.49261926705342485,0.005703383115405747,0.509659728001082,2880,0.4925520499073889,false,0.005636165969369777,0.01710767809369307
2025-03-11,283,0.48691615740681216,0.5011394975272534,0.014223340120441241,0.47349894097655654,2880,0.5010722803812174,false,0.014156122974405272,-0.02757333940466089
2025-03-12,284,0.4869158839380191,0.48731921925190497,0.0004033353138858664,0.45464062882540746,2880,0.48725200210586894,false,0.0003361181678498415,-0.032611373280461486
2025-03-13,285,0.48691561046922605,0.4709799240386562,-0.015935686430569862,0.484435921970165,2880,0.4709127068926202,false,-0.01600290357660583,0.013523215077544781
2025-03-14,286,0.48666865646484614,0.47770792300441056,-0.008960733460435577,0.5388952161365947,2880,0.4776407058583746,false,-0.009027950606471546,0.06125451027822015
2025-03-17,287,0.48691561046922605,0.5083015695705027,0.021385959101276608,0.4687020490849185,2880,0.5082343524244667,false,0.02131874195524064,-0.03953230333954816
2025-03-18,288,0.48666865646484614,0.4885018093277106,0.0018331528628644511,0.46703378988940936,2880,0.4884345921816746,false,0.0017659357168284817,-0.021400802292265264
2025-03-19,289,0.48642170246046623,0.47776779960856,-0.008653902851906259,0.4833099478300016,2880,0.477700582462524,false,-0.008721119997942228,0.005609365367477581
2025-03-20,290,0.4863441924562698,0.4805388737192808,-0.005805318736989029,0.47934610774063624,2880,0.48047165657324475,false,-0.005872535883025054,-0.001125548832608514
2025-03-21,291,0.48626668245207333,0.47994249072995854,-0.006324191722114791,0.45569939253747704,2880,0.47987527358392257,false,-0.006391408868150761,-0.024175881046445524
2025-03-24,292,0.4862086253103415,0.4678209416337178,-0.01838768367662369,0.46288109034035313,2880,0.4677537244876818,false,-0.01845490082265966,-0.004872634147328692
2025-03-25,293,0.4861505681686097,0.46535101598703543,-0.020799552181574255,0.4601575016897087,2880,0.46528379884099946,false,-0.020866769327610224,-0.00512629715129076
2025-03-26,294,0.48607604762371415,0.46275425883837207,-0.02332178878534208,0.44611188946802316,2880,0.4626870416923361,false,-0.02338900593137805,-0.01657515222431294
2025-03-27,295,0.4860015270788186,0.4544330741531976,-0.03156845292562099,0.4641328295672902,2880,0.4543658570071616,false,-0.03163567007165702,0.009766972560128595
2025-03-28,296,0.48580991946023927,0.4592829518602439,-0.026526967599995344,0.49432586074801677,2880,0.45921573471420796,false,-0.026594184746031313,0.03511012603380881
2025-03-31,297,0.4860015270788186,0.47680440630413035,-0.009197120774688261,0.539177789771109,2880,0.4767371891580944,false,-0.00926433792072423,0.062440600613014596
2025-04-01,298,0.48607604762371415,0.5079910980376197,0.021915050413905512,0.4926630877735654,2880,0.5079238808915837,false,0.021847833267869543,-0.015260793118018312
2025-04-02,299,0.4861505681686097,0.5003270929055925,0.014176524736982832,0.4940388746456722,2880,0.5002598757595565,false,0.014109307590946862,-0.00622100111388435
2025-04-03,300,0.4862086253103415,0.49718298377563236,0.010974358465290879,0.5343790359112421,2880,0.49711576662959633,false,0.010907141319254854,0.037263269281645806
2025-04-07,301,0.48626668245207333,0.5157810098434372,0.029514327391363893,0.45135915699707774,2880,0.5157137926974013,false,0.029447110245327923,-0.06435463570032351
2025-04-08,302,0.4862086253103415,0.4835700834202575,-0.0026385418900840008,0.49068418475738285,2880,0.48350286627422145,false,-0.0027057590361200257,0.007181318483161392
2025-04-09,303,0.48626668245207333,0.48712713408882014,0.0008604516367468062,0.5140764324802568,2880,0.48705991694278417,false,0.0007932344907108368,0.02701651553747264
2025-04-10,304,0.4863441924562698,0.5006017832845384,0.014257590828268607,0.5188448588212388,2880,0.5005345661385024,false,0.014190373682232638,0.018310292682736318
2025-04-11,305,0.48642170246046623,0.5097233210528886,0.023301618592422413,0.5308606541231242,2880,0.5096561039068527,false,0.023234401446386443,0.021204550216271545
2025-04-14,306,0.48666865646484614,0.5202919875880064,0.033623331123160294,0.45899131297337836,2880,0.5202247704419705,false,0.033556113977124324,-0.0612334574685921
2025-04-15,307,0.48642170246046623,0.4896416502806924,0.0032199478202261655,0.5070664547471253,2880,0.48957443313465643,false,0.003152730674190196,0.017492021612468878
2025-04-16,308,0.48666865646484614,0.49835405251390885,0.011685396049062713,0.46306054915445805,2880,0.4982868353678729,false,0.011618178903026743,-0.03522628621341484
2025-04-17,309,0.48642170246046623,0.48070730083418345,-0.0057144016262827835,0.4651978342664487,2880,0.4806400836881475,false,-0.005781618772318753,-0.015442249421698806
2025-04-18,310,0.4863441924562698,0.47295256755031606,-0.013391624905953747,0.476183809048024,2880,0.47288535040428004,false,-0.013458842051989772,0.003298458643743951
2025-04-21,311,0.48626668245207333,0.47456818829917,-0.011698494152903305,0.4859410860977905,2880,0.47450097115313405,false,-0.011765711298939274,0.011440114944656465
2025-04-22,312,0.4862086253103415,0.48025463719848027,-0.005953988111861208,0.4697687562445413,2880,0.4801874200524443,false,-0.0060212052578971775,-0.010418663807903017
2025-04-23,313,0.4861505681686097,0.4750116967215108,-0.011138871447098908,0.46349463928086254,2880,0.4749444795754748,false,-0.011206088593134877,-0.011449840294612268
2025-04-24,314,0.48607604762371415,0.46925316800118666,-0.016822879622527487,0.5021599263773079,2880,0.4691859508551507,false,-0.016890096768563456,0.032973975522157195
2025-04-25,315,0.4861505681686097,0.4857065471892473,-0.0004440209793624139,0.4755539833311042,2880,0.48563933004321125,false,-0.0005112381253984388,-0.010085346712107035
2025-04-28,316,0.48607604762371415,0.4806302652601757,-0.005445782363538432,0.5376493914330108,2880,0.48056304811413975,false,-0.005512999509574401,0.05708634331887108
2025-04-29,317,0.4861505681686097,0.5091398283465933,0.02298926017798364,0.5048521530571176,2880,0.5090726112005574,false,0.02292204303194767,-0.004220458143439743
2025-04-30,318,0.4862086253103415,0.5069959907018555,0.020787365391514045,0.4870392540821298,2880,0.5069287735558196,false,0.020720148245478076,-0.019889519473689776
2025-05-06,319,0.48626668245207333,0.49701762239199265,0.010750939939919324,0.49256332399924274,2880,0.4969504052459567,false,0.010683722793883355,-0.004387081246713942
2025-05-07,320,0.4863441924562698,0.4947904731956177,0.008446280739347889,0.4666550190846118,2880,0.49472325604958167,false,0.008379063593311864,-0.02806823696496985
2025-05-08,321,0.48626668245207333,0.4807227461401148,-0.005543936311958542,0.4873574991686319,2880,0.4806555289940788,false,-0.005611153457994511,0.006701970174553096
2025-05-09,322,0.4863441924562698,0.48404012265437335,-0.002304069801896458,0.5236914937134931,2880,0.4839729055083374,false,-0.0023712869479324272,0.039718588205155725
2025-05-12,323,0.48642170246046623,0.5038658081839332,0.017444105723466996,0.48066356926598897,2880,0.5037985910378973,false,0.017376888577431027,-0.023135021771908293
2025-05-13,324,0.4863441924562698,0.4922646887249611,0.005920496268691289,0.4619595668975306,2880,0.4921974715789251,false,0.005853279122655319,-0.030237904681394534
2025-05-14,325,0.48626668245207333,0.47711212781124585,-0.009154554640827484,0.45710662719649675,2880,0.4770449106652098,false,-0.009221771786863509,-0.01993828346871307
2025-05-15,326,0.4862086253103415,0.46710937750387127,-0.01909924780647021,0.48027063980765317,2880,0.4670421603578353,false,-0.01916646495250618,0.013228479449817865
2025-05-16,327,0.4861505681686097,0.4736900086557622,-0.012460559512847469,0.45437767114928473,2880,0.4736227915097262,false,-0.012527776658883494,-0.01924512036044146
2025-05-19,328,0.48607604762371415,0.46403383990252345,-0.0220422077211907,0.4847240366960476,2880,0.4639666227564875,false,-0.022109424867226668,0.0207574139395601
2025-05-20,329,0.4860015270788186,0.4743789382992855,-0.011622588779533094,0.44477381290040985,2880,0.4743117211532495,false,-0.011689805925569119,-0.02953790825283964
2025-05-21,330,0.48597130658830456,0.45957637559984765,-0.02639493098845691,0.4384110786107366,2880,0.4595091584538117,false,-0.02646214813449288,-0.0210980798430751
2025-05-22,331,0.4859410860977905,0.4489937271052921,-0.0369473589924984,0.4872890853920754,2880,0.4489265099592561,false,-0.03701457613853443,0.03836257543281929
2025-05-23,332,0.48597130658830456,0.4681414062486837,-0.01782990033962084,0.4814627768045975,2880,0.46807418910264775,false,-0.01789711748565681,0.013388587701949728
2025-05-26,333,0.4859410860977905,0.4748020915266406,-0.011138994571149918,0.49061250106133625,2880,0.4747348743806046,false,-0.011206211717185943,0.01587762668073167
2025-05-27,334,0.48597130658830456,0.48270729629398845,-0.003264010294316111,0.4785200036631659,2880,0.4826400791479525,false,-0.0033312274403520803,-0.004120075484786601
2025-05-28,335,0.4859410860977905,0.48061364997857714,-0.00532743611921338,0.479418474283546,2880,0.48054643283254117,false,-0.0053946532652493495,-0.0011279585489951671
2025-05-29,336,0.4857796989697252,0.48001606213106157,-0.005763636838663655,0.48640035904431944,2880,0.47994884498502555,false,-0.00583085398469968,0.006451514059293895
2025-05-30,337,0.4859410860977905,0.4832082105876905,-0.0027328755101000413,0.5161659972943151,2880,0.4831409934416545,false,-0.0028000926561360107,0.033025003852660606
2025-06-03,338,0.48597130658830456,0.4996871039410028,0.013715797352698234,0.4751189571219553,2880,0.4996198867949668,false,0.013648580206662264,-0.02450092967301154
2025-06-04,339,0.4859410860977905,0.48740303053147904,0.0014619444336885223,0.4784835706501852,2880,0.4873358133854431,false,0.001394727287652553,-0.008852242735257865
2025-06-05,340,0.4857796989697252,0.4829433005908321,-0.0028363983788931013,0.4898274638289308,2880,0.48287608344479616,false,-0.0029036155249290707,0.00695138038413462
2025-06-06,341,0.4859410860977905,0.4863853822098815,0.0004442961120909583,0.5130680964332857,2880,0.4863181650638455,false,0.0003770789660549889,0.02674993136944015
2025-06-09,342,0.48597130658830456,0.49972673932158357,0.013755432733279005,0.5087421572706923,2880,0.49965952217554754,false,0.01368821558724298,0.009082635095144731
2025-06-10,343,0.4860015270788186,0.504234448296138,0.018232921217319342,0.5265576102210164,2880,0.504167231150102,false,0.018165704071283373,0.022390379070914457
2025-06-11,344,0.48607604762371415,0.5153960292585772,0.029319981634863046,0.4933407505661699,2880,0.5153288121125412,false,0.029252764488827077,-0.02198806154637134
2025-06-12,345,0.4861505681686097,0.5043683899123735,0.01821782174376385,0.5150037938097005,2880,0.5043011727663376,false,0.018150604597727882,0.010702621043362948
2025-06-13,346,0.4862086253103415,0.5096860918610371,0.023477466550695603,0.48050631583844805,2880,0.5096188747150011,false,0.023410249404659633,-0.029112558876553063
2025-06-16,347,0.4861505681686097,0.49509620384974257,0.00894563568113288,0.4514459543543483,2880,0.49502898670370654,false,0.008878418535096855,-0.04358303234935823
2025-06-17,348,0.48607604762371415,0.47327107910204547,-0.01280496852166868,0.4765179534872358,2880,0.4732038619560095,false,-0.01287218566770465,0.003314091531226304
2025-06-18,349,0.4860015270788186,0.47489451629464063,-0.011107010784177973,0.47433592821613824,2880,0.47482729914860466,false,-0.011174227930213942,-0.0004913709324664284
2025-06-19,350,0.48597130658830456,0.47461522225538944,-0.011356084332915128,0.4764752756427344,2880,0.47454800510935347,false,-0.011423301478951098,0.0019272705333809315
2025-06-20,351,0.4859410860977905,0.4755452489490619,-0.010395837148728604,0.4810082951416473,2880,0.47547803180302595,false,-0.010463054294764573,0.005530263338621333
2025-06-23,352,0.4857796989697252,0.47827677204535457,-0.0075029269243706564,0.5085152099762242,2880,0.4782095548993186,false,-0.007570144070406626,0.030305655076905635
2025-06-24,353,0.4859410860977905,0.4933959910107894,0.007454904912998883,0.4905521882934045,2880,0.4933287738647534,false,0.007387687766962858,-0.002776585571348855
2025-06-25,354,0.48597130658830456,0.491974089652097,0.006002783063792427,0.46222989182298124,2880,0.491906872506061,false,0.005935565917756458,-0.02967698068307978
2025-06-26,355,0.4859410860977905,0.4771019907375391,-0.008839095360251403,0.45621485017846325,2880,0.47703477359150315,false,-0.008906312506287373,-0.020819923413039898
2025-06-27,356,0.4857796989697252,0.4666584204580012,-0.019121278511724016,0.5264700511455079,2880,0.46659120331196524,false,-0.019188495657759985,0.05987884783354269
2025-06-30,357,0.4859410860977905,0.49656423580175457,0.010623149703964052,0.5123638538091085,2880,0.4964970186557186,false,0.010555932557928083,0.015866835153389935
2025-07-01,358,0.48597130658830456,0.5044640448054316,0.018492738217127047,0.488426222638326,2880,0.5043968276593956,false,0.018425521071091078,-0.015970605021069617
2025-07-02,359,0.4860015270788186,0.4964451337218788,0.01044360664306021,0.4712369945750115,2880,0.49637791657584285,false,0.010376389497024241,-0.025140922000831345
2025-07-03,360,0.48597130658830456,0.4838410641484452,-0.0021302424398593756,0.4663331683322799,2880,0.4837738470024092,false,-0.002197459585895345,-0.017440678670129328
2025-07-04,361,0.4859410860977905,0.47508711624036254,-0.01085396985742798,0.524480798802653,2880,0.4750198990943265,false,-0.010921187003464006,0.049460899708326456
2025-07-07,362,0.48597130658830456,0.4997839575215077,0.013812650933203163,0.5203724703576128,2880,0.49971674037547176,false,0.013745433787167194,0.020655729982141047
2025-07-08,363,0.4860015270788186,0.5100782139395603,0.024076686860741714,0.4825779579457272,2880,0.5100109967935244,false,0.024009469714705745,-0.02743303884779713
2025-07-09,364,0.48597130658830456,0.49632808594264377,0.010356779354339207,0.468191148663132,2880,0.4962608687966078,false,0.010289562208303238,-0.028069720133475806
2025-07-10,365,0.4859410860977905,0.4822596173028879,-0.0036814687949026093,0.4910154322473863,2880,0.48219240015685194,false,-0.0037486859409385787,0.008823032090534366
2025-07-11,366,0.48597130658830456,0.4866375247751371,0.0006662181868325456,0.5351074685532451,2880,0.48657030762910114,false,0.0005990010407965762,0.04853716092414395
2025-07-14,367,0.4860015270788186,0.5108724966641911,0.024870969585372493,0.4887981078281699,2880,0.5108052795181551,false,0.024803752439336524,-0.022007171689985228
2025-07-15,368,0.48607604762371415,0.4998353022461805,0.013759254622466355,0.47023401183325,2880,0.4997680851001445,false,0.01369203747643033,-0.0295340732668945
2025-07-16,369,0.4860015270788186,0.48503465703971527,-0.0009668700391033402,0.45113186452713705,2880,0.4849674398936793,false,-0.0010340871851393096,-0.03383557536654225
2025-07-17,370,0.48597130658830456,0.46808326078342616,-0.017888045804878405,0.45426790646671866,2880,0.46801604363739013,false,-0.01795526295091443,-0.01374813717067147
2025-07-18,371,0.4859410860977905,0.4611755836250724,-0.024765502472718137,0.48462798916478045,2880,0.4611083664790364,false,-0.024832719618754107,0.023519622685744035
2025-07-21,372,0.4857796989697252,0.4729017863949264,-0.012877912574798811,0.4930929888682939,2880,0.47283456924889045,false,-0.01294512972083478,0.020258419619403445
2025-07-22,373,0.4859410860977905,0.48299738763161015,-0.0029436984661803667,0.47810746073968413,2880,0.4829301704855742,false,-0.003010915612216336,-0.0048227097458900525
2025-07-23,374,0.4857796989697252,0.48055242418564714,-0.005227274784078084,0.4694196023370042,2880,0.4804852070396112,false,-0.005294491930114054,-0.01106560470260698
2025-07-24,375,0.48561831184165993,0.47498601326132567,-0.010632298580334265,0.49746748591988255,2880,0.47491879611528964,false,-0.01069951572637029,0.022548689804592903
2025-07-25,376,0.4857796989697252,0.4862267495906041,0.0004470506208788527,0.5073885516231504,2880,0.4861595324445681,false,0.0003798334748428833,0.02122901917858233
2025-07-28,377,0.4859410860977905,0.49680765060687726,0.01086656450908674,0.5025883516714051,2880,0.4967404334608413,false,0.01079934736305077,0.005847918210563852
2025-07-29,378,0.48597130658830456,0.4996980011391412,0.013726694550836638,0.47233001749418213,2880,0.49963078399310523,false,0.013659477404800668,-0.0273007664989231
2025-07-30,379,0.4859410860977905,0.48601400931666167,0.00007292321887114595,0.47688909258974765,2880,0.48594679217062564,false,5.706072835121034e-6,-0.009057699580877987
2025-07-31,380,0.4857796989697252,0.4814515509532047,-0.004328148016520539,0.5189972369507818,2880,0.4813843338071687,false,-0.004395365162556508,0.0376129031436131
2025-08-01,381,0.4859410860977905,0.5002243939519933,0.014283307854202731,0.5263608980471055,2880,0.5001571768059573,false,0.014216090708166762,0.026203721241148226
2025-08-04,382,0.48597130658830456,0.5132926459995494,0.027321339411244816,0.5051961512944143,2880,0.5132254288535134,false,0.027254122265208847,-0.008029277559099102
2025-08-05,383,0.4860015270788186,0.5092443986469819,0.023242871568163292,0.47827472102811475,2880,0.5091771815009459,false,0.023175654422127323,-0.030902460472831184
2025-08-06,384,0.48597130658830456,0.4937595598375483,0.0077882532492437595,0.4695292188393617,2880,0.4936923426915123,false,0.007721036103207735,-0.02416312385215058
2025-08-07,385,0.4859410860977905,0.481644389338455,-0.004296696759335528,0.49730825923538335,2880,0.481577172192419,false,-0.004363913905371497,0.01573108704296433
2025-08-08,386,0.48597130658830456,0.4894763242869192,0.0035050176986146098,0.53060176651921,2880,0.48940910714088315,false,0.003437800552578585,0.041192659378326835
2025-08-11,387,0.4860015270788186,0.5100390454030646,0.024037518324245943,0.5245352379299828,2880,0.5099718282570286,false,0.023970301178209974,0.01456340967295422
2025-08-12,388,0.48607604762371415,0.5172871416665237,0.03121109404280953,0.5033612652320669,2880,0.5172199245204877,false,0.03114387689677356,-0.013858659288420783
2025-08-13,389,0.4861505681686097,0.5103242034492953,0.024173635280685613,0.492736057075128,2880,0.5102569863032593,false,0.024106418134649643,-0.01752092922813131
2025-08-14,390,0.4862086253103415,0.5015301302622117,0.015321504951870235,0.5004381107231949,2880,0.5014629131161757,false,0.015254287805834266,-0.0010248023929808614
2025-08-15,391,0.48626668245207333,0.5009841204927032,0.014717438040629915,0.516873755014241,2880,0.5009169033466673,false,0.014650220894593946,0.015956851667573768
2025-08-18,392,0.48633352074819636,0.5089289377534721,0.022595417005275786,0.5100326667067224,2880,0.5088617206074362,false,0.022528199859239817,0.001170946099286252
2025-08-19,393,0.48640035904431944,0.5094808022300973,0.023080443185777844,0.49521041771331176,2880,0.5094135850840613,false,0.023013226039741874,-0.014203167370749559
2025-08-20,394,0.48641103075239284,0.5023456099717045,0.015934579219311684,0.5025972627365047,2880,0.5022783928256686,false,0.015867362073275715,0.00031886991083618366
2025-08-21,395,0.48642170246046623,0.5024714363541046,0.016049733893638396,0.4662697638814807,2880,0.5024042192080687,false,0.015982516747602427,-0.03613445532658793
2025-08-22,396,0.48641103075239284,0.48437060011779265,-0.0020404306346001877,0.5046782115668162,2880,0.4843033829717567,false,-0.002107647780636157,0.02037482859505957
2025-08-25,397,0.48642170246046623,0.49452440584230445,0.008102703381838217,0.4912275108968551,2880,0.4944571886962684,false,0.008035486235802192,-0.0032296777994132997
2025-08-26,398,0.48666865646484614,0.49287595836957976,0.00620730190473362,0.45970494050560406,2880,0.4928087412235438,false,0.00614008475869765,-0.033103800717939724
2025-08-27,399,0.48642170246046623,0.4762904494375919,-0.01013125302287432,0.47036949137374284,2880,0.47622323229155594,false,-0.01019847016891029,-0.0058537409178130995
2025-08-28,400,0.48641103075239284,0.4733299704056674,-0.01308106034672546,0.5174327732270021,2880,0.4732627532596314,false,-0.013148277492761429,0.04417001996737069
2025-08-29,401,0.48642170246046623,0.49538137181633474,0.008959669355868505,0.48697035090686014,2880,0.4953141546702987,false,0.00889245220983248,-0.008343803763438573
2025-09-01,402,0.48666865646484614,0.4911758613615974,0.004507204896751271,0.4682565340251883,2880,0.49110864421556144,false,0.004439987750715302,-0.022852110190373143
2025-09-02,403,0.48642170246046623,0.47971619769339285,-0.006705504767073378,0.5076716675294641,2880,0.47964898054735683,false,-0.006772721913109403,0.028022686982107303
2025-09-03,404,0.48666865646484614,0.49369393261142847,0.007025276146582327,0.5238489933036163,2880,0.4936267154653925,false,0.006958059000546357,0.030222277838223843
2025-09-04,405,0.48691561046922605,0.5087714629575224,0.021855852488296357,0.547550709999223,2880,0.5087042458114864,false,0.021788635342260387,0.03884646418773652
2025-09-05,406,0.4869158839380191,0.5281610864783727,0.041245202540353576,0.4588874482667809,2880,0.5280938693323367,false,0.04117798539431761,-0.0692064210655558
2025-09-08,407,0.48691561046922605,0.4935242673725768,0.006608656903350774,0.4697518182293803,2880,0.49345705022654085,false,0.006541439757314804,-0.02370523199716057
2025-09-09,408,0.48666865646484614,0.48163804280097855,-0.005030613663867589,0.5155080610966377,2880,0.4815708256549426,false,-0.0050978308099035585,0.033937235441695135
2025-09-10,409,0.48691561046922605,0.49857305194880813,0.011657441479582087,0.4816319716529033,2880,0.4985058348027721,false,0.011590224333546062,-0.01687386314986883
2025-09-11,410,0.48666865646484614,0.49010251180085573,0.0034338553360095947,0.5420732157343491,2880,0.49003529465481976,false,0.0033666381899736253,0.052037921079529315
2025-09-12,411,0.48691561046922605,0.5160878637676024,0.02917225329837636,0.4992385523533347,2880,0.5160206466215664,false,0.02910503615234039,-0.01678209426823174
2025-09-15,412,0.4869158839380191,0.5076632080604686,0.020747324122449506,0.4901019912632544,2880,0.5075959909144326,false,0.020680106976413537,-0.01749399965117826
2025-09-16,413,0.48691615740681216,0.4988825996618615,0.011966442255049337,0.4354661784672574,2880,0.49881538251582547,false,0.011899225109013312,-0.06334920404856809
2025-09-17,414,0.4869158839380191,0.46717438906455944,-0.019741494873459664,0.45295015519797016,2880,0.46710717191852347,false,-0.019808712019495633,-0.014157016720553306
2025-09-18,415,0.48691561046922605,0.4600622721312648,-0.02685333833796122,0.4757800578172949,2880,0.45999505498522886,false,-0.02692055548399719,0.01578500283206602
2025-09-19,416,0.48666865646484614,0.4679211649742798,-0.018747491490566315,0.48561169674620097,2880,0.46785394782824385,false,-0.018814708636602284,0.017757748917957117
2025-09-22,417,0.48642170246046623,0.4767664308602404,-0.009655271600225834,0.47996051441734566,2880,0.47669921371420443,false,-0.009722488746261804,0.0032613007031412344
2025-09-23,418,0.48641103075239284,0.47836347263879303,-0.008047558113599806,0.4572814250044943,2880,0.478296255492757,false,-0.008114775259635831,-0.021014830488262692
2025-09-24,419,0.48640035904431944,0.4678224488216437,-0.018577910222675742,0.4597029186838911,2880,0.46775523167560773,false,-0.01864512736871171,-0.008052312991716604
2025-09-25,420,0.48633352074819636,0.4637626837527674,-0.022570836995428945,0.42850261237740406,2880,0.46369546660673144,false,-0.022638054141464914,-0.035192854229327386
2025-09-26,421,0.48626668245207333,0.44613264806508574,-0.040134034386987594,0.5061519653264109,2880,0.4460654309190497,false,-0.04020125153302362,0.060086534407361225
2025-09-29,422,0.48633352074819636,0.4761423066957483,-0.01019121405244805,0.4953102469087749,2880,0.47607508954971234,false,-0.01025843119848402,0.01923515735906256
2025-09-30,423,0.48640035904431944,0.4857262768022616,-0.0006740822420578385,0.46914138915483183,2880,0.4856590596562256,false,-0.0007412993880938634,-0.016517670501393744
2025-10-09,424,0.48633352074819636,0.4774338329785467,-0.008899687769649667,0.47949956090606694,2880,0.4773666158325107,false,-0.008966904915685636,0.002132945073556214
2025-10-10,425,0.48626668245207333,0.4784666969423068,-0.007799985509766516,0.5600154188183708,2880,0.47839947979627084,false,-0.007867202655802485,0.08161593902209996
2025-10-13,426,0.48633352074819636,0.5192410578803388,0.03290753713214245,0.5424281060565508,2880,0.5191738407343028,false,0.03284031998610648,0.023254265322247947
2025-10-14,427,0.48640035904431944,0.5308345819684448,0.044434222924125355,0.47428402989476914,2880,0.5307673648224088,false,0.044367005778089386,-0.05648333492763968
2025-10-15,428,0.48633352074819636,0.5025593059316069,0.016225785183410557,0.45894693597093367,2880,0.502492088785571,false,0.016158568037374588,-0.04354515281463728
2025-10-16,429,0.48626668245207333,0.4807531209512703,-0.00551356150080301,0.43804168256902154,2880,0.48068590380523435,false,-0.00558077864683898,-0.04264422123621281
2025-10-17,430,0.4862086253103415,0.45939740176014593,-0.02681122355019555,0.46419597397602863,2880,0.4593301846141099,false,-0.026878440696231576,0.0048657893619187265
2025-10-20,431,0.4861505681686097,0.46179668786808725,-0.024353880300522435,0.4889478796686876,2880,0.4617294707220513,false,-0.024421097446558404,0.027218408946636297
2025-10-21,432,0.4862086253103415,0.4753722837683874,-0.010836341541954064,0.4754126218058703,2880,0.4753050666223514,false,-0.01090355868799009,0.0001075551835189037
2025-10-22,433,0.4861505681686097,0.4753924527871288,-0.01075811538148086,0.4682023740567978,2880,0.47532523564109286,false,-0.010825332527516829,-0.007122861584295037
2025-10-23,434,0.48607604762371415,0.47179741342196335,-0.014278634201750795,0.4574971595537076,2880,0.4717301962759274,false,-0.014345851347786764,-0.01423303672221976
2025-10-24,435,0.4860015270788186,0.4646472864878355,-0.02135424059098312,0.4781482135069526,2880,0.4645800693417995,false,-0.02142145773701909,0.013568144165153062
2025-10-27,436,0.48597130658830456,0.47139774999739403,-0.01457355659091053,0.4485778669075018,2880,0.47133053285135806,false,-0.0146407737369465,-0.022752665943856276
2025-10-28,437,0.4859410860977905,0.4599878084524479,-0.02595327764534261,0.48062876108120633,2880,0.45992059130641194,false,-0.02602049479137858,0.020708169774794394
2025-10-29,438,0.4857796989697252,0.4703082847668271,-0.015471414202898104,0.449207398525835,2880,0.4702410676207911,false,-0.015538631348934129,-0.021033669094956076
2025-10-30,439,0.48561831184165993,0.45975784164633104,-0.02586047019532889,0.47610156261756476,2880,0.4596906245002951,false,-0.025927687341364858,0.01641093811726968
2025-10-31,440,0.48561500429393045,0.4679297021319479,-0.017685302161982552,0.5196532729827893,2880,0.4678624849859119,false,-0.017752519308018577,0.05179078799687742
2025-11-03,441,0.48561831184165993,0.49379148755736857,0.008173175715708636,0.5301507418274123,2880,0.4937242704113326,false,0.008105958569672667,0.036426471416079687
2025-11-04,442,0.4857796989697252,0.5119711146923904,0.0261914157226652,0.5251426589595591,2880,0.5119038975463545,false,0.02612419857662923,0.01323876141320468
2025-11-05,443,0.4859410860977905,0.5185568868259748,0.03261580072818426,0.48844945953966823,2880,0.5184896696799388,false,0.032548583582148294,-0.030040210140270585
2025-11-06,444,0.48597130658830456,0.5035031731828215,0.017531866594516887,0.4680139580369843,2880,0.5034359560367855,false,0.017464649448480918,-0.03542199799980117
2025-11-07,445,0.4859410860977905,0.4857585656099029,-0.00018252048788763853,0.5162355557332172,2880,0.48569134846386686,false,-0.00024973763392366344,0.030544207269350365
2025-11-10,446,0.48597130658830456,0.50099706067156,0.01502575408325546,0.5227097515004184,2880,0.500929843525524,false,0.014958536937219491,0.021779907974894375
2025-11-11,447,0.4860015270788186,0.5118534060859892,0.025851879007170564,0.5005422442668449,2880,0.5117861889399532,false,0.025784661861134595,-0.011243944673108297
2025-11-12,448,0.48607604762371415,0.506197825176417,0.020121777552702835,0.49563995834045826,2880,0.506130608030381,false,0.020054560406666866,-0.010490649689922749
2025-11-13,449,0.4861505681686097,0.5009188917584376,0.014768323589827936,0.495644129039183,2880,0.5008516746124017,false,0.014701106443791967,-0.005207545573218675
2025-11-14,450,0.4862086253103415,0.4982815103988103,0.012072885088468821,0.489932754751216,2880,0.49821429325277433,false,0.012005667942432852,-0.008281538501558328
2025-11-17,451,0.48626668245207333,0.49410713257501315,0.007840450122939824,0.4983573086334606,2880,0.4940399154289772,false,0.007773232976903854,0.004317393204483433
2025-11-18,452,0.48633352074819636,0.4962322206042369,0.009898699856040527,0.4930179518144311,2880,0.4961650034582009,false,0.009831482710004558,-0.003147051643769827
2025-11-19,453,0.48640035904431944,0.494625086209334,0.008224727165014545,0.4567007003209154,2880,0.494557869063298,false,0.008157510018978575,-0.037857168742382596
2025-11-20,454,0.48633352074819636,0.4756628932651247,-0.010670627483071682,0.443808941019048,2880,0.4755956761190887,false,-0.010737844629107651,-0.03178673510004071
2025-11-21,455,0.48626668245207333,0.45973591714208634,-0.026530765309986992,0.47307272855433086,2880,0.4596686999960503,false,-0.026597982456023017,0.013404028558280545
2025-11-24,456,0.4862086253103415,0.4664043228482086,-0.019804302462132883,0.48275477292204033,2880,0.46633710570217257,false,-0.01987151960816891,0.01641766721986776
2025-11-25,457,0.4861505681686097,0.47457954788512446,-0.011571020283485223,0.4678035065020484,2880,0.4745123307390885,false,-0.011638237429521192,-0.006708824237040112
2025-11-26,458,0.48607604762371415,0.4711915271935864,-0.014884520430127723,0.4259637231311211,2880,0.4711243100475504,false,-0.014951737576163748,-0.045160586916429324
2025-11-27,459,0.4860015270788186,0.4485776251623538,-0.03742390191646483,0.47000134178473074,2880,0.4485104080163178,false,-0.0374911190625008,0.021490933768412934
2025-11-28,460,0.48597130658830456,0.45928948347354226,-0.026681823114762304,0.5240723057062375,2880,0.4592222663275063,false,-0.026749040260798274,0.06485003937873124
2025-12-01,461,0.4860015270788186,0.4916808945898899,0.005679367511071287,0.4816626458761395,2880,0.49161367744385387,false,0.005612150365035262,-0.009951031567714375
2025-12-02,462,0.48597130658830456,0.48667177023301467,0.0007004636447101031,0.5132776761786904,2880,0.4866045530869787,false,0.0006332464986741337,0.02667312309171166
2025-12-03,463,0.4860015270788186,0.4999747232058525,0.013973196127033904,0.4956134959856817,2880,0.4999075060598165,false,0.01390597898099788,-0.004294010074134769
2025-12-04,464,0.48607604762371415,0.4977941095957671,0.01171806197205294,0.48294809646637227,2880,0.4977268924497311,false,0.01165084482601697,-0.01477879598335885
2025-12-05,465,0.4860015270788186,0.4903711030310697,0.00436957595225107,0.4827307071922592,2880,0.4903038858850337,false,0.004302358806215101,-0.007573178692774518
2025-12-08,466,0.48597130658830456,0.48655090511166443,0.0005795985233598699,0.50063291521086,2880,0.48648368796562846,false,0.0005123813773239005,0.014149227245231488
2025-12-09,467,0.4860015270788186,0.4935919101612622,0.007590383082443586,0.5896444889214623,2880,0.49352469301522617,false,0.007523165936407561,0.0961197959062361
2025-12-10,468,0.48607604762371415,0.5416181995413623,0.05554215191764811,0.49247075697927695,2880,0.5415509823953263,false,0.05547493477161214,-0.04908022541604934
2025-12-11,469,0.4861505681686097,0.5170444782603196,0.030893910091709942,0.48267239051503985,2880,0.5169772611142837,false,0.030826692945673972,-0.03430487059924381
2025-12-12,470,0.48607604762371415,0.49985843438767974,0.013782386763965593,0.4879089202326845,2880,0.49979121724164377,false,0.013715169617929623,-0.011882297008959264
2025-12-15,471,0.4861505681686097,0.4938836773101821,0.007733109141572436,0.4893786279207692,2880,0.49381646016414615,false,0.007665891995536467,-0.00443783224337696
2025-12-16,472,0.4862086253103415,0.49163115261547563,0.0054225273051341505,0.47761508553195486,2880,0.49156393546943966,false,0.005355310159098181,-0.013948849937484797
2025-12-17,473,0.4861505681686097,0.48462311907371525,-0.0015274490948944397,0.4481632725941831,2880,0.4845559019276793,false,-0.001594666240930409,-0.036392629333496185
2025-12-18,474,0.48607604762371415,0.46639319583394917,-0.019682851789764977,0.4364398427178947,2880,0.46632597868791315,false,-0.019750068935801002,-0.029886135970018435
2025-12-19,475,0.4860015270788186,0.45141651927592197,-0.03458500780289664,0.4754954778158542,2880,0.451349302129886,false,-0.03465222494893261,0.02414617568596822
2025-12-22,476,0.48597130658830456,0.4634559985458881,-0.02251530804241647,0.4849281692290104,2880,0.46338878139985207,false,-0.022582525188452496,0.02153938782915832
2025-12-23,477,0.4859410860977905,0.47419208388744927,-0.011749002210341253,0.49697569688888227,2880,0.4741248667414133,false,-0.011816219356377222,0.02285083014746897
2025-12-24,478,0.48597130658830456,0.48558389038816574,-0.0003874162001388237,0.4757871207334132,2880,0.48551667324212977,false,-0.0004546333461747931,-0.009729552508716544
2025-12-25,479,0.4859410860977905,0.4806855055607895,-0.005255580537001037,0.4680763066464234,2880,0.4806182884147535,false,-0.005322797683037006,-0.012541981768330102
2025-12-26,480,0.4857796989697252,0.47438090610360645,-0.011398792866118779,0.49721712477879065,2880,0.4743136889575704,false,-0.011466010012154804,0.02290343582122023
2025-12-29,481,0.4859410860977905,0.4857990154411985,-0.00014207065659199714,0.5231356896176638,2880,0.48573179829516255,false,-0.00020928780262796653,0.037403891322501215
2025-12-30,482,0.48597130658830456,0.5044673525294312,0.018496045941126638,0.49116424546097337,2880,0.5044001353833952,false,0.018428828795090668,-0.013235889922421862
2025-12-31,483,0.4860015270788186,0.4978157989952023,0.011814271916383678,0.5090913681068923,2880,0.49774858184916626,false,0.011747054770347654,0.011342786257726
2026-01-05,484,0.48607604762371415,0.5034535835510473,0.017377535927333154,0.5425741821795554,2880,0.5033863664050113,false,0.017310318781297185,0.03918781577454411
2026-01-06,485,0.4861505681686097,0.5230138828653014,0.036863314696691685,0.5174923511929828,2880,0.5229466657192654,false,0.036796097550655715,-0.005454314526282644
2026-01-07,486,0.4862086253103415,0.520253117029142,0.03404449171880053,0.5042765288892719,2880,0.520185899883106,false,0.03397727457276456,-0.01590937099383416
2026-01-08,487,0.48626668245207333,0.512264822959207,0.025998140507133616,0.5501143139917546,2880,0.512197605813171,false,0.025930923361097646,0.037916708178583614
2026-01-09,488,0.48633352074819636,0.5311895684754808,0.044856047727284465,0.5130543932271132,2880,0.5311223513294449,false,0.044788830581248495,-0.018067958102331638
2026-01-12,489,0.48640035904431944,0.522121980851297,0.03572162180697758,0.515023322284486,2880,0.522054763705261,false,0.03565440466094161,-0.007031441420775053
2026-01-13,490,0.48641103075239284,0.5185726515678915,0.032161620815498615,0.5217255262200063,2880,0.5185054344218555,false,0.032094403669462646,0.0032200917981508592
2026-01-14,491,0.48642170246046623,0.5201490888939488,0.03372738643348261,0.5102770429900898,2880,0.5200818717479129,false,0.03366016928744664,-0.00980482875782307
2026-01-15,492,0.48666865646484614,0.5152130659420193,0.028544409477173183,0.5042590992703568,2880,0.5151458487959834,false,0.028477192331137213,-0.010886749525626516
2026-01-16,493,0.48691561046922605,0.5097360826061881,0.022820472136962033,0.4627779435960171,2880,0.5096688654601521,false,0.022753254990926064,-0.046890921864135016
2026-01-19,494,0.48666865646484614,0.4862570131011026,-0.00041164336374355237,0.502740258099422,2880,0.4861897959550666,false,-0.00047886050977952177,0.016550462144355405
2026-01-20,495,0.48691561046922605,0.4944986356002623,0.007583025131036258,0.48604821671518883,2880,0.49443141845422633,false,0.007515807985000289,-0.008383201739037505
2026-01-21,496,0.48666865646484614,0.49027342615772557,0.003604769692879428,0.4742843162025738,2880,0.49020620901168954,false,0.0035375525468434033,-0.015921892809115767
2026-01-22,497,0.48642170246046623,0.48227887118014967,-0.004142831280316561,0.46892644126521676,2880,0.4822116540341137,false,-0.004210048426352531,-0.013285212768896937
2026-01-23,498,0.48641103075239284,0.4756026562226832,-0.010808374529709619,0.48730329939154743,2880,0.4755354390766472,false,-0.010875591675745644,0.011767860314900236
2026-01-26,499,0.48642170246046623,0.4814529778071153,-0.004968724653350909,0.5099619420574386,2880,0.4813857606610793,false,-0.005035941799386934,0.028576181396359313
2026-01-27,500,0.48666865646484614,0.49570745993227694,0.0090388034674308,0.500556702587877,2880,0.49564024278624097,false,0.008971586321394831,0.0049164598016360195
2026-01-28,501,0.48691561046922605,0.49813208126007696,0.011216470790850919,0.45723667148117864,2880,0.49806486411404094,false,0.011149253644814894,-0.040828192632862303
2026-01-29,502,0.48666865646484614,0.4776843763706278,-0.008984280094218366,0.47268802577222113,2880,0.4776171592245918,false,-0.009051497240254336,-0.004929133452370671
2026-01-30,503,0.48642170246046623,0.47518620107142445,-0.01123550138904178,0.4895216123156869,2880,0.4751189839253884,false,-0.011302718535077805,0.014402628390298489
2026-02-02,504,0.48666865646484614,0.4823539066935557,-0.004314749771290427,0.5358395949133457,2880,0.48228668954751974,false,-0.004381966917326396,0.05355290536582591
2026-02-03,505,0.48691561046922605,0.5090967508034507,0.02218114033422469,0.5138035194452433,2880,0.5090295336574148,false,0.022113923188188722,0.004773985787828505
2026-02-04,506,0.4869158839380191,0.511450135124347,0.024534251186327904,0.4533109273632055,2880,0.511382917978311,false,0.024467034040291935,-0.05807199061510554
2026-02-05,507,0.48691561046922605,0.4823805312437762,-0.004535079225449823,0.4716500026595055,2880,0.48231331409774025,false,-0.004602296371485792,-0.010663311438234735
2026-02-06,508,0.48666865646484614,0.47701526695164087,-0.009653389513205268,0.49694261129644923,2880,0.4769480498056049,false,-0.009720606659241238,0.01999456149084433
2026-02-09,509,0.48691561046922605,0.48697893912404505,0.00006332865481900596,0.5267114714084018,2880,0.486911721978009,false,-3.888491217018952e-6,0.03979974943039277
2026-02-10,510,0.4869158839380191,0.5068452052662235,0.019929321328204352,0.5098854613104287,2880,0.5067779881201875,false,0.019862104182168383,0.0031074731902411834
2026-02-11,511,0.48691615740681216,0.508365333288326,0.02144917588151385,0.49893936779021864,2880,0.50829811614229,false,0.02138195873547788,-0.0093587483520714
2026-02-12,512,0.48694325415683615,0.5036523505392723,0.016709096382436117,0.5139650975315497,2880,0.5035851333932363,false,0.016641879236400148,0.010379964138313436
2026-02-13,513,0.48697035090686014,0.508808724035411,0.02183837312855086,0.5034788891160776,2880,0.508741506889375,false,0.02177115598251489,-0.0052626177732973956
2026-02-24,514,0.48700480249449496,0.5061438065757443,0.019139004081249356,0.48044556168130803,2880,0.5060765894297083,false,0.019071786935213386,-0.025631027748400315
2026-02-25,515,0.48697035090686014,0.4932946841285262,0.006324333221666034,0.4981740459659951,2880,0.4932274669824902,false,0.006257116075630065,0.004946578983504923
2026-02-26,516,0.48700480249449496,0.49573436504726065,0.00872956255276569,0.5178217136074197,2880,0.4956671479012247,false,0.008662345406729721,0.022154565706195006
2026-02-27,517,0.4870392540821298,0.5067780393273402,0.019738785245210444,0.5066278852221182,2880,0.5067108221813043,false,0.019671568099174475,-0.00008293695918604183
2026-03-02,518,0.4871271570178743,0.5067029622747292,0.019575805256854928,0.5183985294714386,2880,0.5066357451286932,false,0.01950858811081896,0.011762784342745358
2026-03-03,519,0.4872150599536188,0.5125507458730839,0.025335685919465112,0.5104659201222305,2880,0.5124835287270479,false,0.025268468773429142,-0.002017608604817478
2026-03-04,520,0.4872520726728471,0.5115083329976572,0.024256260324810097,0.5179748445836742,2880,0.5114411158516212,false,0.024189043178774128,0.006533728732052935
2026-03-05,521,0.4872890853920754,0.5147415887906657,0.02745250339859029,0.45266199584047634,2880,0.5146743716446297,false,0.02738528625255432,-0.062012375804153363
2026-03-06,522,0.4872520726728471,0.483701792315571,-0.0035502803572761144,0.48053881099646745,2880,0.483634575169535,false,-0.0036174975033120838,-0.003095764173067561
2026-03-09,523,0.4872150599536188,0.4821203016560192,-0.005094758297599589,0.4558820118508053,2880,0.4820530845099832,false,-0.0051619754436356136,-0.026171072659177896
2026-03-10,524,0.4871271570178743,0.46900115675341225,-0.01812600026446204,0.46140690938757245,2880,0.4689339396073763,false,-0.018193217410498008,-0.007527030219803832
2026-03-11,525,0.4870392540821298,0.46520403307049235,-0.02183522101163743,0.450754664168325,2880,0.4651368159244563,false,-0.021902438157673454,-0.014382151756131334
2026-03-12,526,0.48700480249449496,0.4579793486194087,-0.02902545387508626,0.5149266905099232,2880,0.45791213147337273,false,-0.02909267102112223,0.057014559036550505
2026-03-13,527,0.4870392540821298,0.48645301956466597,-0.0005862345174638128,0.4962706538493107,2880,0.48638580241862994,false,-0.0006534516634998377,0.009884851430680741
2026-03-16,528,0.4871271570178743,0.4913618367069883,0.004234679689114007,0.47679976090988707,2880,0.49129461956095233,false,0.004167462543078038,-0.014494858651065257
2026-03-17,529,0.4870392540821298,0.4840807988084377,-0.0029584552736920955,0.4778051325995084,2880,0.4840135816624017,false,-0.003025672419728065,-0.0062084490628933064
2026-03-18,530,0.48700480249449496,0.48094296570397305,-0.006061836790521913,0.48019562460651066,2880,0.480875748557937,false,-0.006129053936557938,-0.0006801239514263591
2026-03-19,531,0.48697035090686014,0.4805692951552418,-0.006401055751618312,0.4639239279320363,2880,0.48050207800920586,false,-0.006468272897654281,-0.016578150077169562
2026-03-20,532,0.48694325415683615,0.47224661154363906,-0.014696642613197086,0.462112226554805,2880,0.47217939439760304,false,-0.014763859759233111,-0.010067167842798042
2026-03-23,533,0.48691615740681216,0.467179419049222,-0.019736738357590156,0.44619609716749137,2880,0.46711220190318603,false,-0.019803955503626125,-0.020916104735694663
2026-03-24,534,0.4869158839380191,0.4566877581083567,-0.03022812582966239,0.45623703062927645,2880,0.45662054096232074,false,-0.03029534297569836,-0.00038351033304429016
2026-03-25,535,0.48691561046922605,0.4564623943688166,-0.030453216100409464,0.45035768618138394,2880,0.45639517722278056,false,-0.03052043324644549,-0.006037491041396614
2026-03-26,536,0.48666865646484614,0.45341004027510023,-0.033258616189745904,0.48793732191716055,2880,0.45334282312906427,false,-0.033325833335781874,0.034594498788096284
2026-03-27,537,0.48691561046922605,0.4706736810961304,-0.016241929373095654,0.4806126916652389,2880,0.4706064639500944,false,-0.016309146519131623,0.010006227715144478
2026-03-30,538,0.48666865646484614,0.47564318638068465,-0.011025470084161493,0.5058190872783672,2880,0.4755759692346486,false,-0.011092687230197518,0.030243118043718598
2026-03-31,539,0.48691561046922605,0.49073113682952596,0.0038155263602999145,0.49045813280168704,2880,0.49066391968349,false,0.003748309214263945,-0.00020578688180294957
2026-04-01,540,0.4869158839380191,0.4905946348156065,0.0036787508775874,0.48629412264596283,2880,0.49052741766957053,true,0.0036115337315514306,-0.004233295023607697
2026-04-02,541,0.48691561046922605,0.48844437873078467,0.0015287682615586218,0.5478183467959248,2880,0.48837716158474864,true,0.0014615511155225969,0.05944118521117614
2026-04-03,542,0.4869158839380191,0.5181313627633547,0.031215478825335596,0.5355375922233934,2880,0.5180641456173187,true,0.031148261679299627,0.01747344660607464
2026-04-07,543,0.48691615740681216,0.526834477493374,0.03991832008656182,0.4768928099104257,2880,0.526767260347338,true,0.03985110294052585,-0.0498744504369123
2026-04-08,544,0.4869158839380191,0.5018636437018998,0.014947759763880741,0.5066769627880134,2880,0.5017964265558639,true,0.014880542617844772,0.004880536232149568
2026-04-09,545,0.48691615740681216,0.5042703032449567,0.01735414583814454,0.5219903594915838,2880,0.5042030860989207,true,0.017286928692108572,0.01778727339266306
2026-04-10,546,0.48694325415683615,0.5131303313682702,0.026187077211434096,0.524828378352114,2880,0.5130631142222343,true,0.026119860065398126,0.011765264129879771
2026-04-13,547,0.48697035090686014,0.5189793548601922,0.03200900395333206,0.5101616973936605,2880,0.5189121377141562,true,0.03194178680729609,-0.008750440320495767
2026-04-14,548,0.48700480249449496,0.5145705261269263,0.02756572363243137,0.4631099860454067,2880,0.5145033089808904,true,0.027498506486395402,-0.051393322935483654
2026-04-15,549,0.48697035090686014,0.48884025608616655,0.001869905179306408,0.47495422254047226,2880,0.4887730389401306,true,0.0018026880332704387,-0.013818816399658318
2026-04-16,550,0.48694325415683615,0.4818972393133194,-0.005046014843516744,0.4972318286404466,2880,0.48183002216728343,true,-0.005113231989552713,0.015401806473163193
2026-04-17,551,0.48697035090686014,0.48956453397688304,0.002594183070022904,0.482556970218725,2880,0.4894973168308471,true,0.0025269659239869346,-0.006940346612122061
2026-04-20,552,0.48694325415683615,0.486060752097804,-0.0008825020590321198,0.46445400440541684,2880,0.485993534951768,true,-0.0009497192050681447,-0.02153953054635116
2026-04-21,553,0.48691615740681216,0.4752573782516104,-0.011658779155201748,0.4764562401608505,2880,0.47519016110557444,true,-0.011725996301237718,0.001266079055276037
2026-04-22,554,0.4869158839380191,0.4758568092062304,-0.011059074731788687,0.4694604883654946,2880,0.47578959206019444,true,-0.011126291877824657,-0.006329103694699856
2026-04-23,555,0.48691561046922605,0.4726586487858625,-0.014256961683363545,0.5023479924569475,2880,0.47259143163982653,true,-0.014324178829399514,0.02975656081712097
2026-04-24,556,0.4869158839380191,0.487503320621405,0.0005874366833859002,0.488616617658723,2880,0.48743610347536903,true,0.0005202195373499308,0.0011805141833539645
2026-04-27,557,0.48691615740681216,0.488059969140064,0.0011438117332518427,0.4708612168027735,2880,0.48799275199402803,true,0.0010765945872158733,-0.017131535191254543
2026-04-28,558,0.4869158839380191,0.47946059297141874,-0.007455290966600359,0.5190025726360639,2880,0.4793933758253828,true,-0.007522508112636328,0.03960919681068109
2026-04-29,559,0.48691615740681216,0.4992315828037413,0.012315425396929147,0.5102446835621868,2880,0.4991643656577053,true,0.012248208250893122,0.011080317904481496
2026-04-30,560,0.48694325415683615,0.504738133182964,0.017794879026127863,0.48237703341663174,2880,0.504670916036928,true,0.017727661880091894,-0.0222938826202963
2026-05-06,561,0.48691615740681216,0.4935575832997979,0.0066414258929857195,0.5089778683221843,2880,0.49349036615376185,true,0.006574208746949695,0.015487502168422429
2026-05-07,562,0.48694325415683615,0.5012677258109911,0.014324471654154958,0.4885569222871473,2880,0.5012005086649551,true,0.014257254508118988,-0.012643586377807825
2026-05-08,563,0.48697035090686014,0.4949123240490692,0.007941973142209069,0.5357971785930282,2880,0.4948451069030332,true,0.007874755996173044,0.04095207168999504
2026-05-11,564,0.48700480249449496,0.5153547513210487,0.028349948826553728,0.47991916879610497,2880,0.5152875341750127,true,0.02828273168051776,-0.03536836537890775
2026-05-12,565,0.48697035090686014,0.4976369600585768,0.010666609151716688,0.4879470322494373,2880,0.49756974291254086,true,0.010599392005680719,-0.00962271066310355
2026-05-13,566,0.48700480249449496,0.49279199615400704,0.00578719365951208,0.4893537797437214,2880,0.49272477900797107,true,0.0057199765134761105,-0.0033709992642496633
2026-05-14,567,0.4870392540821298,0.4910728879488642,0.004033633866734443,0.48892550527867207,2880,0.4910056708028282,true,0.003966416720698418,-0.00208016552415613
2026-05-15,568,0.4871271570178743,0.4899991966137681,0.002872039595893827,0.4800654250013774,2880,0.48993197946773215,true,0.0028048224498578578,-0.00986655446635476
2026-05-18,569,0.4870392540821298,0.48503231080757275,-0.002006943274557027,0.49953252696834716,2880,0.48496509366153673,true,-0.002074160420593052,0.014567433306810429
2026-05-19,570,0.4871271570178743,0.49228241888796,0.005155261870085692,0.490221630360869,2880,0.492215201741924,true,0.005088044724049723,-0.0019935713810549927
2026-05-20,571,0.4872150599536188,0.49125202462441453,0.0040369646707957285,0.44312459128907333,2880,0.49118480747837856,true,0.003969747524759759,-0.04806021618930523
2026-05-21,572,0.4871271570178743,0.46718830795674393,-0.01993884906113036,0.4767485963480471,2880,0.46712109081070796,true,-0.02000606620716633,0.009627505537339154
2026-05-22,573,0.4870392540821298,0.4719684521523955,-0.015070801929734257,0.48014453946597135,2880,0.4719012350063595,true,-0.015138019075770281,0.008243304459611855
2026-05-25,574,0.48700480249449496,0.4760564958091834,-0.010948306685311548,0.46126064449362547,2880,0.47598927866314744,true,-0.011015523831347518,-0.01472863416952197
2026-05-26,575,0.48697035090686014,0.46865857015140444,-0.018311780755455698,0.4610349946334392,2880,0.46859135300536847,true,-0.018378997901491667,-0.00755635837192925
2026-05-27,576,0.48694325415683615,0.46484678239242183,-0.022096471764414316,0.4637784051915399,2880,0.46477956524638586,true,-0.022163688910450285,-0.001001160054845962
2026-05-28,577,0.48691615740681216,0.46431259379198087,-0.02260356361483129,0.5179321376902984,2880,0.4642453766459449,true,-0.02267078076086726,0.05368676104435355
2026-05-29,578,0.48694325415683615,0.49112236574113965,0.004179111584303508,0.4759632229803128,2880,0.4910551485951037,true,0.004111894438267538,-0.015091925614790891
2026-06-01,579,0.48691615740681216,0.4835427943607262,-0.003373363046085931,0.52462854166251,2880,0.48347557721469026,true,-0.0034405801921219004,0.041152964447819795
2026-06-02,580,0.48694325415683615,0.5040856680116181,0.01714241385478199,0.5168256799710489,2880,0.5040184508655822,true,0.01707519670874602,0.012807229105466722
2026-06-03,581,0.48697035090686014,0.5104556739913335,0.023485323084473375,0.4969247891416714,2880,0.5103884568452975,true,0.023418105938437406,-0.01346366770362617
2026-06-04,582,0.48700480249449496,0.5036902315665024,0.01668542907200743,0.523162329577716,2880,0.5036230144204664,true,0.01661821192597146,0.019539315157249604
2026-06-05,583,0.4870392540821298,0.5134262805721093,0.02638702648997948,0.5035511308756375,2880,0.5133590634260733,true,0.026319809343943512,-0.009807932550435772
2026-06-08,584,0.4871271570178743,0.5084887057238734,0.0213615487059991,0.4851554434484841,2880,0.5084214885778374,true,0.02129433155996313,-0.02326604512935332
2026-06-09,585,0.4870392540821298,0.4968220745861788,0.009782820504048995,0.4385910955512082,2880,0.4967548574401428,true,0.009715603358013025,-0.05816376188893463
2026-06-10,586,0.48700480249449496,0.46770658506869345,-0.01929821742580151,0.4670532798517423,2880,0.4676393679226575,true,-0.01936543457183748,-0.0005860880709152028
2026-06-11,587,0.48697035090686014,0.46737993246021786,-0.019590418446642277,0.4740929276162694,2880,0.46731271531418184,true,-0.019657635592678302,0.006780212302087585
2026-06-12,588,0.48694325415683615,0.4707364300382436,-0.016206824118592533,0.5300834821422247,2880,0.47066921289220764,true,-0.016274041264628503,0.05941426925001703
2026-06-15,589,0.48697035090686014,0.5004099560902342,0.01343960518337406,0.4793527647422948,2880,0.5003427389441982,true,0.01337238803733809,-0.020989974201903405
2026-06-16,590,0.48694325415683615,0.4898813604162645,0.0029381062594283636,0.47797304502971427,2880,0.48981414327022854,true,0.002870889113392394,-0.01184109824051427
2026-06-17,591,0.48691615740681216,0.4839272027229894,-0.0029889546838227643,0.4738959858822944,2880,0.4838599855769534,true,-0.0030561718298587337,-0.009963999694658998
2026-06-18,592,0.4869158839380191,0.4789115943026419,-0.008004289635377193,0.48040432554431484,2880,0.4788443771566059,true,-0.008071506781413218,0.0015599483877089537
2026-06-22,593,0.48691561046922605,0.47965795992347837,-0.007257650545747674,0.5058532785132868,2880,0.4795907427774424,true,-0.007324867691783643,0.02626253573584436
2026-06-23,594,0.4869158839380191,0.49275561921838257,0.005839735280363467,0.5304049488299603,2880,0.49268840207234654,true,0.005772518134327442,0.03771654675761371
2026-06-24,595,0.48691615740681216,0.5115802840241714,0.024664126617359283,0.5024296928988117,2880,0.5115130668781355,true,0.024596909471323314,-0.009083373979323794
2026-06-25,596,0.48694325415683615,0.5070049884614916,0.02006173430465541,0.448734206980755,2880,0.5069377713154556,true,0.01999451715861944,-0.058203564334700586
2026-06-26,597,0.48691615740681216,0.47786959772112325,-0.009046559685688904,0.4633435532980389,2880,0.4778023805750873,true,-0.009113776831724874,-0.014458827277048392
2026-06-29,598,0.4869158839380191,0.47060657550958107,-0.01630930842843803,0.5059589464172491,2880,0.4705393583635451,true,-0.016376525574474,0.03541958805370404
2026-06-30,599,0.48691615740681216,0.4882827609634151,0.0013666035566029522,0.5061030152389061,2880,0.4882155438173791,true,0.0012993864105669273,0.017887471421527024
