segment,month,sample_n,score_mean,score_std,score_p10,score_p25,score_median,score_p75,score_p90,tag_mean,tag_std,tag_p10,tag_p25,tag_median,tag_p75,tag_p90,tag_positive_rate
14:30以前,2024-01,52920,0.4883268918171461,0.04884872189871244,0.428443166776029,0.45430510621188236,0.4849396248075266,0.5201844523811896,0.5525143530928551,-0.0005092011970462233,0.005875840893702075,-0.006274735974147916,-0.0032541005639359355,-0.0007321674202103168,0.002150261076167226,0.005591463809832929,0.4149092970521542
14:30以前,2024-02,37800,0.5021793103883516,0.05631563243998372,0.43426116065234094,0.4650506077438771,0.5005797340931021,0.5384044719438505,0.5739490349219893,0.0006149428244621458,0.008595108796177196,-0.008139421977102757,-0.0030054968083277345,0.0005007094296161085,0.00375015358440578,0.00887397862970829,0.5376984126984127
14:30以前,2024-03,52920,0.4847798983467292,0.04289623035079087,0.43250882198054746,0.45624458892652076,0.48213841133266777,0.5104139841398376,0.5417983895557005,3.519510394901649e-05,0.003428226468835461,-0.003994548041373491,-0.0018260913202539086,8.221655662055127e-05,0.001985652488656342,0.004028316773474216,0.506859410430839
14:30以前,2024-04,50400,0.4892164569995093,0.049937189117103285,0.4295921751763561,0.45401424414644354,0.4841896084224984,0.5184872372857215,0.555730523916388,0.00017445271039190312,0.003712942974214371,-0.004074980830773711,-0.001919082598760724,0.0,0.002015432983171195,0.004540930828079581,0.49738095238095237
14:30以前,2024-05,50400,0.4796065074003995,0.04126214062181996,0.4303480410947444,0.4519563656032197,0.47711153759399394,0.5040973746877222,0.5310299109528873,-0.00027343483051900255,0.0026183143679544656,-0.0033455927157774565,-0.0017626786429900676,-0.0002455092326272279,0.001139914063969627,0.0025764908641576767,0.4485515873015873
14:30以前,2024-06,47880,0.47933070852983367,0.03584431216098053,0.4351724881903177,0.4558353116959078,0.4782240367757639,0.502087203451812,0.5250620402546922,-0.0002791200719255535,0.0032392279792119736,-0.004010300617665052,-0.0020728150266222656,-0.0003168822586303577,0.0013463765499182045,0.0035100588109344233,0.44417293233082705
14:30以前,2024-07,57960,0.48099785148049545,0.04376341947770646,0.4251661239962314,0.4499702137189688,0.4795027774091074,0.5107954037026741,0.5388527777489021,0.00010627476120277924,0.0034027744517587267,-0.0035862919175997376,-0.0015821985434740782,-8.406893539358862e-05,0.0014510730688925833,0.0037502573104575268,0.4744824016563147
14:30以前,2024-08,55440,0.4737427685136432,0.044078780240162485,0.41967960800137155,0.4443810775372775,0.47248408294256616,0.5010199345272748,0.528996284957875,-0.0003119982924699391,0.0034227112445815596,-0.003903942066244781,-0.0018779632518999279,-0.0003027314960490912,0.0010678628168534487,0.003136832732707262,0.4287878787878788
14:30以前,2024-09,47880,0.4766086649627301,0.04608700474424006,0.4217280697121821,0.44490548404277824,0.47229211598494714,0.5036527382727014,0.5381038209806475,0.0009882133684741218,0.00725003184863094,-0.004387783026322722,-0.0021139794844202697,-8.917824015952647e-05,0.0023977409582585096,0.009065043553709982,0.47656641604010025
14:30以前,2024-10,45360,0.4816965981622206,0.0614335454077474,0.40952865323703835,0.43933793897514034,0.4764299824414502,0.5150341400673352,0.5607442797315837,-0.0006214798304099724,0.00907624603183046,-0.010049420595169067,-0.004712968249805272,-0.0004689776833401993,0.0037119047483429313,0.008981848508119583,0.4650132275132275
14:30以前,2024-11,52920,0.49313661107001383,0.05221281437715471,0.42788853483072126,0.45611422602039686,0.4900823942646368,0.5272092183062528,0.5620710309876255,-0.00010365609476205065,0.005074760313697446,-0.006071998272091149,-0.003376941371243447,-0.0003539404715411365,0.002778720634523779,0.006076955236494541,0.46751700680272107
14:30以前,2024-12,55440,0.4850722273038568,0.04657690768091351,0.4267120271493194,0.4517022102301721,0.48230458544811605,0.5159289126775516,0.5478113514153337,-0.00010068105612972404,0.003444560393334612,-0.003990570502355695,-0.002039085899014026,-0.00020575954840751365,0.001633674488402903,0.0038478072965517627,0.4632756132756133
14:30以前,2025-01,45360,0.48611168525677734,0.04762192879616236,0.431652042818144,0.4547967071592591,0.4809940775293516,0.5115541318019542,0.5483626657715963,-0.0004657571831041513,0.004220183944545483,-0.005426682997494936,-0.0028573881136253476,-0.0005713266145903617,0.0016613924235571176,0.004314543772488832,0.4240299823633157
14:30以前,2025-02,45360,0.501161888568734,0.04333917030871371,0.4483688611110638,0.47098097620964785,0.49823003954039446,0.5278546208655731,0.5580270444627119,0.00027923687347790197,0.0034420922720836402,-0.0038176018744707106,-0.001772423944203183,0.00020121577836107463,0.0022497198078781366,0.00442091068252921,0.5246252204585538
14:30以前,2025-03,52920,0.48239058109402344,0.04649274971756305,0.42771964308817084,0.44955592626548896,0.47750134275166933,0.5106960713471352,0.5436185911083602,-1.3987611303712248e-06,0.0030700422411912083,-0.003481873823329806,-0.0018588741368148476,-0.00015727803838672116,0.0015638717159163207,0.003673305781558153,0.46787603930461075
14:30以前,2025-04,52920,0.48929750548963186,0.046743214789142964,0.4319485346542966,0.4574181365247336,0.4861749013616446,0.5211883711589751,0.5509089967712109,2.6740972920810852e-05,0.004627156810257989,-0.0037093886407092214,-0.0014456366770900786,0.0,0.0014335521555040032,0.003684017853811383,0.48667800453514737
14:30以前,2025-05,47880,0.4785009223629798,0.04151469196337521,0.42610780354336525,0.4505943631019697,0.4776243214147605,0.5044812159704244,0.5295844952097356,4.470219204375215e-05,0.002551224716024359,-0.0028031731024384496,-0.00117155269253999,5.326799146132544e-05,0.0012786022271029651,0.0028470115736126895,0.505764411027569
14:30以前,2025-06,50400,0.48948477291328163,0.04388307294666016,0.4374120780926056,0.4611164592112151,0.4864230207789448,0.5155570884817988,0.5461643747578884,0.00010096726231927592,0.0023231689197736414,-0.0023752409964799878,-0.0011034078488592058,9.724315532366745e-05,0.001221374172018841,0.0024443507660180316,0.5162103174603174
14:30以前,2025-07,57960,0.4865738394645482,0.04086957553587445,0.43428330950494926,0.45608014761867344,0.4851483925722401,0.515999937034906,0.5408790515038133,0.0002038733401321593,0.002623324930611212,-0.0027923171874135724,-0.0011609644570853561,0.00023168836924014613,0.0016367833595722914,0.003095605038106441,0.5408212560386474
14:30以前,2025-08,52920,0.4948590046500738,0.04943419800885924,0.43288307420490363,0.46280227858005585,0.4954794867912803,0.5264466844531067,0.5570733869723969,0.0004290836883667214,0.003520701654123058,-0.0035993907600641245,-0.0014277513837441802,0.00042866330477409065,0.002457808004692197,0.004622132424265146,0.5613567649281935
14:30以前,2025-09,55440,0.48350382397628927,0.05053036030334497,0.4243996376019152,0.4488754055195006,0.4774355163431996,0.5135324619640161,0.55164342739937,-3.6822534769272756e-05,0.004408464271868221,-0.005284537747502326,-0.0024244875530712306,2.7092935852124356e-05,0.0024063780438154936,0.005114423716440796,0.5001803751803752
14:30以前,2025-10,42840,0.47798740577540305,0.05133248304767031,0.4154782805109644,0.44158081256418347,0.4739197212228243,0.5093783168189951,0.5469232254538536,-0.0001352907993742009,0.0037148117575582507,-0.004675907036289572,-0.002216060645878315,-8.745273589738645e-05,0.0020382366492412984,0.0043614167254418116,0.4853174603174603
14:30以前,2025-11,50400,0.4849903535972136,0.041771066428676,0.42914132287806833,0.45543466435379515,0.4864237014187397,0.5137756710114688,0.5379199638284583,-6.307514630179867e-05,0.003099324768132706,-0.003774330369196832,-0.0019639735692180693,-0.00011123006697744131,0.0017841218505054712,0.0035712113836780172,0.48232142857142857
14:30以前,2025-12,57960,0.489404516686369,0.04839076467506553,0.4329629255094352,0.45704658834401757,0.48446685570150205,0.5160220042272308,0.5542306088809219,0.0002253664726565975,0.002684777013580393,-0.002583383582532406,-0.0013208514428697526,0.0,0.0014517928066197783,0.003164092800579965,0.49953416149068325
14:30以前,2026-01,50400,0.5007460328256675,0.05106643414441217,0.4417473537144871,0.4658907876726697,0.4943812850292859,0.5285640201551532,0.567319115756516,9.083636098647197e-05,0.00428666553405604,-0.004367637634277343,-0.0019219928362872452,0.00013045038213022053,0.002355576434638351,0.004807233251631259,0.5152579365079365
14:30以前,2026-02,35280,0.5001088414504896,0.04588028634175917,0.44439781981006166,0.46875790246905535,0.49743544963484265,0.5278647011809163,0.557549082122232,3.954626915273739e-05,0.0036887976962320496,-0.0036660777172073723,-0.0016316719120368361,-0.00011766703755711205,0.0017690112872514874,0.003940348559990525,0.47811791383219954
14:30以前,2026-03,55440,0.4770443569462196,0.047890538958309484,0.41686170492859553,0.4444448552583306,0.4747625868638924,0.5077347721936123,0.5396491903788864,-0.0004279829075834468,0.004428568242961728,-0.005515165207907557,-0.002798865723889321,-0.0004667246976168826,0.0018680664070416242,0.004669323656708002,0.44222582972582974
14:30以前,2026-04,52920,0.4948722282174048,0.0482781223329484,0.4349084418106632,0.46157997763139175,0.4919331481100764,0.5252274953195074,0.5587891354013778,0.00015873032561816746,0.0026787277432841036,-0.00298465839587152,-0.00151244574226439,8.886125215212815e-05,0.0017919177771545947,0.003356620599515735,0.512339380196523
14:30以前,2026-05,45360,0.48534590326044486,0.04740408749595363,0.4271351416613501,0.45217727373306005,0.4821969515335473,0.5153615479818017,0.5479595052852118,-0.0002021223742478687,0.004261612650037814,-0.0054850472602993245,-0.002488237922079861,6.910133379278705e-05,0.002352889394387603,0.004531651036813854,0.5060185185185185
14:30以前,2026-06,52920,0.49159907780516926,0.0530154310917603,0.4247346529968782,0.4563241776536254,0.49090269186612046,0.5260663269776276,0.5590898763642905,6.129104578280227e-05,0.004359027812239523,-0.005231926310807466,-0.002505084325093776,0.0,0.002696468436624855,0.005473969131708145,0.49797808012093725
14:30及以后,2024-01,7560,0.5505980397392898,0.08283610646424988,0.4506163133215098,0.4971995008638489,0.5449426962663342,0.6067582917423127,0.6558204226216506,-0.002017849861148117,0.006792841228885522,-0.01055338606238365,-0.006054702564142644,-0.0016987454728223383,0.0020199798163957894,0.0054955914150923504,0.3861111111111111
14:30及以后,2024-02,5400,0.5772895947989437,0.09584972555967328,0.43702547658237606,0.5103311351135793,0.5915539979926863,0.6487796896634217,0.6920401796081621,0.003326652431504179,0.014467469623674326,-0.005912928795441985,-0.002734547422733158,0.0010344687034375966,0.006741366698406637,0.017607412114739464,0.5638888888888889
14:30及以后,2024-03,7560,0.5433863720912671,0.07390005503868811,0.45129757787848457,0.492020598553458,0.5386302969935169,0.5965261595081414,0.6451655653820776,0.0005935070733803586,0.005577187099860199,-0.006296810228377581,-0.00268277944996953,0.0001533656322862953,0.0037792216171510518,0.007134818658232691,0.5079365079365079
14:30及以后,2024-04,7200,0.5602541962418117,0.07115304393260574,0.4741046430356093,0.5118726688968287,0.5545885481382691,0.6064550202394261,0.6497651579518711,0.0002619100257384035,0.006663592466338568,-0.006219169078394771,-0.00361334765329957,-0.0004535925982054323,0.00273634004406631,0.008461679611355069,0.4459722222222222
14:30及以后,2024-05,7200,0.5389820789799256,0.07096867914922779,0.4362968951149555,0.49396479791336423,0.5460672004840621,0.5924656512105116,0.6250383820159758,9.045693093715575e-05,0.0059514006557164064,-0.007561320345848798,-0.0038189555052667856,0.00033350952435284853,0.004232730600051582,0.007362488191574812,0.5227777777777778
14:30及以后,2024-06,6840,0.5350758640752151,0.06504378230513909,0.45127799048779615,0.4908946213551855,0.5366172896770167,0.5746588459325108,0.621461054710528,-0.0006132004851242953,0.004606160401183734,-0.005980493500828743,-0.003484426415525377,-0.0008196770213544369,0.002095586620271206,0.004586900025606157,0.4195906432748538
14:30及以后,2024-07,8280,0.538903785041367,0.062448894947070496,0.45946226178067423,0.49303046594118605,0.5357313478634305,0.5792968083392289,0.6276365121084896,-0.00042880969768507404,0.005534478465772302,-0.006918742600828409,-0.0034895712160505354,-0.0007355806010309607,0.0018901337462011725,0.006191193312406541,0.4157004830917874
14:30及以后,2024-08,7920,0.5327495096376078,0.07033972458229931,0.44346134544026433,0.48005828331816613,0.5281004349493821,0.5828034454979103,0.6202162092672635,0.00021439364330055305,0.005085380544142346,-0.005761815141886472,-0.0030841630650684237,-0.00025657491642050445,0.0031909162062220275,0.00677973320707679,0.4791666666666667
14:30及以后,2024-09,6840,0.5234941642595891,0.0759906184986751,0.4321577244165553,0.4631442655080266,0.5170228003940782,0.5756012038355927,0.6347281303757402,0.009942294860340697,0.02425796310912409,-0.005434047197923063,-0.0025501138297840953,0.0014355180319398642,0.011253921315073967,0.030720941722393043,0.5823099415204679
14:30及以后,2024-10,6480,0.5777533437662232,0.0736076878060489,0.4732071645876112,0.5355277341818272,0.5831165396381837,0.623746530518351,0.6666669167912852,-0.0017542964400034638,0.009676698223478141,-0.014194002002477646,-0.006227839388884604,-0.0010487288236618042,0.0036719120107591152,0.008842067513614894,0.43364197530864196
14:30及以后,2024-11,7560,0.5584287566875367,0.06600116691150398,0.46923089900060744,0.5134901221650604,0.560562884208796,0.6058502713594298,0.6433434958096389,0.0010339254585863384,0.005813443309421384,-0.005956964241340756,-0.002153589215595275,0.0008037924999371171,0.004148833453655243,0.008353479858487847,0.571031746031746
14:30及以后,2024-12,7920,0.5590312806377163,0.06223681384899812,0.476799411893599,0.5121621712263065,0.5576840879548646,0.6036812467014188,0.6380480631088824,7.005025881536505e-05,0.007832243060310596,-0.008011011220514773,-0.004141447716392577,-0.0007359186420217156,0.0030163067276589572,0.007130466401576999,0.4398989898989899
14:30及以后,2025-01,6480,0.538782452514168,0.08022532308837593,0.440505676853001,0.47971853750466076,0.5343268328681972,0.5955851266734189,0.6538007417695691,0.0022763925481314273,0.006874232623423145,-0.005422314163297415,-0.0022200500243343413,0.0014364633825607598,0.005576649098657072,0.011064625158905989,0.5901234567901235
14:30及以后,2025-02,6480,0.5662903668099952,0.06398427214226302,0.48623645693324685,0.5232114678837505,0.563335200804308,0.611787172751158,0.648109822789928,0.00028796201929379817,0.00450895524979918,-0.006155643658712506,-0.002003121131565422,0.0007644700526725501,0.002987026877235621,0.005531927337870003,0.5839506172839506
14:30及以后,2025-03,7560,0.5265967800755306,0.07119562710038632,0.4350190518790547,0.4746459611718823,0.5225327601777475,0.5806188094149284,0.625586940424557,-5.963806237367355e-07,0.0050127690161277435,-0.005713138915598393,-0.0032924393308348954,-0.00030884851003065705,0.002444522047881037,0.006439045118168,0.46613756613756613
14:30及以后,2025-04,7560,0.5398519755401225,0.0716706998555475,0.44176742886201503,0.48877273110973707,0.5446900495325955,0.5886816698575539,0.6316579784381086,-0.001317734811100092,0.016853447305067413,-0.007673580339178442,-0.0034329515183344483,0.0002594796533230692,0.0045892567140981555,0.011136403400450948,0.5171957671957672
14:30及以后,2025-05,6840,0.5179776035110927,0.0614024056843056,0.44090041981684397,0.46935704739583195,0.5127018148469624,0.5647914960945468,0.6027246969969651,0.0003596833824445368,0.005268490734808327,-0.006364710722118614,-0.0029272179817780852,0.0006799298571422696,0.0035407376708462834,0.006831713160499931,0.560672514619883
14:30及以后,2025-06,7200,0.5100963570579606,0.056372730141944674,0.4476363262681843,0.4712084307801431,0.5019607218085647,0.5411263918369681,0.5885650478830322,0.0013074049182884551,0.004295318045700444,-0.0032964483834803104,-0.0014896877110004425,0.0008377408958040178,0.0036561574088409543,0.0071162379346787945,0.5963888888888889
14:30及以后,2025-07,8280,0.5297410308034869,0.06893999984706942,0.44258675925073315,0.4761004341778759,0.5230385899734878,0.5841829133359536,0.625329134059749,0.0008794659240755798,0.0037707942619426425,-0.003479988733306527,-0.001574493566295132,0.0005905611033085734,0.00319768232293427,0.005980362696573138,0.5743961352657004
14:30及以后,2025-08,7560,0.5288174504322247,0.07462266982844314,0.42070586648578867,0.4805030591808349,0.5373847380517038,0.5820528265156955,0.6185401819986744,0.0020962215463569203,0.004946740772185274,-0.004030681028962135,-0.001217508630361408,0.0018481147708371282,0.005353800021111965,0.008881261199712756,0.658068783068783
14:30及以后,2025-09,7920,0.5183850487474873,0.07665891591460865,0.41733233503006223,0.47172211983799933,0.5169911683243884,0.5733151013656916,0.6187911248738223,0.001873759819613022,0.004752877467302614,-0.003858603606931865,-0.0013020233600400388,0.001729654148221016,0.004639625083655119,0.007922917790710925,0.6492424242424243
14:30及以后,2025-10,6120,0.526364805226242,0.07139208525397008,0.43007851739735176,0.47854301381148445,0.5349402336340467,0.5796286117456725,0.6131656069095867,0.0003593924284444706,0.00848842207840225,-0.010582275595515967,-0.0063445629784837365,0.00025538617046549916,0.007208057097159326,0.0112001302652061,0.5086601307189542
14:30及以后,2025-11,7200,0.5419839063573421,0.05376046200454137,0.4680417256551522,0.5055008077683277,0.5485614981748523,0.5801054075143819,0.6065157610218092,-0.00019081522227315121,0.005575649665561239,-0.0068763480056077235,-0.003403641516342759,0.00019921008788514882,0.003261997364461422,0.006060525309294463,0.5122222222222222
14:30及以后,2025-12,8280,0.5491920937994924,0.06006734248532962,0.4642280784154931,0.5049292250429994,0.5526349327700826,0.5969924491553297,0.6265940321142992,0.0006912442177978762,0.005074942442312927,-0.005273445602506398,-0.0021223214571364224,0.0004931284056510776,0.003127471834886819,0.007152707502245903,0.5469806763285024
14:30及以后,2026-01,7200,0.5358019273797494,0.06337837749658998,0.45363448702434384,0.48772995095927374,0.5371577221073383,0.5811289161961751,0.6181466682038627,0.0019046671591543903,0.007155037023762126,-0.007755573326721787,-0.0016533934394828975,0.002612758311443031,0.006113105337135494,0.0105415684171021,0.6495833333333333
14:30及以后,2026-02,5040,0.5615561273456356,0.0719503548433551,0.4665364371533622,0.5072548756886289,0.56557377772061,0.6089551300741386,0.6428754230210939,0.0007758210331627334,0.00838114654571395,-0.00916095795109868,-0.004338583908975124,0.0002964845480164513,0.006109372130595148,0.010740146879106762,0.515079365079365
14:30及以后,2026-03,7920,0.5593506784178975,0.07876291691587486,0.460337289209643,0.4979708442905464,0.5584311645755317,0.6185337456544192,0.667899523955654,-0.0007320412573882104,0.01186228339376825,-0.017110721953213212,-0.00644252123311162,0.00017861530068330467,0.006468556704930961,0.012932994402945043,0.5087121212121212
14:30及以后,2026-04,7560,0.5172669921638684,0.07268861225298628,0.4301264795853456,0.4686899487144642,0.5120502701885883,0.5588769445084746,0.6068354872456581,0.003422676080563371,0.009515018917062256,-0.006819721218198537,-0.0032877630437724292,0.0020651206141337752,0.007656616624444723,0.014518725499510773,0.5941798941798941
14:30及以后,2026-05,6480,0.510344975972805,0.05806013121801173,0.43537577051574994,0.4676900692719724,0.5092140508199023,0.5498528438420244,0.5898762504227357,0.0003228511802863517,0.005854634747012457,-0.0074190837796777485,-0.003477025544270873,0.0005662858893629164,0.0042663224739953876,0.007570404000580311,0.5359567901234568
14:30及以后,2026-06,7560,0.5283582960570928,0.08515313565676992,0.4229580899593109,0.46602079224712134,0.522832284016588,0.5875574914426535,0.6506246873576843,0.0017016022367259465,0.007728596626473736,-0.008264137990772722,-0.0024701200891286135,0.0016800050507299602,0.0055341365514323115,0.01061783879995346,0.6101851851851852
